title,time,img_url,content,当前链接,上级链接,下载时间
专治各种负能量 皮小曼工作室《鸡皮和他的朋友》重燃你的生活热情,2020-03-06 16:09,"http://www.005.tv/uploads/allimg/200306/66-200306161052910.jpg,http://www.005.tv/uploads/allimg/200306/66-20030616113b03.jpg,http://www.005.tv/uploads/allimg/200306/66-200306161211233.jpg,http://www.005.tv/uploads/allimg/200306/66-200306161244436.jpg,http://www.005.tv/uploads/allimg/200306/66-200306161313548.jpg,","
                    2020年一开始就向所有人宣告它的不一般。疫情的来袭，让全国人民瞬间变成了“宅男”、“宅女”。本来回家过年休假的都市白领们还打算开年各种的买买买、吃吃吃、聚聚聚都只能在“云”端完成，相信很多人在家中已经宅出了心病，渴望能够肆无忌惮地晒晒太阳，看看蓝天。<br/>
如果你也面临着这样的心理压力，不妨观看皮小曼工作室《鸡皮和他的朋友》，让一群激萌的“小可爱”们如阳光般照进你的生活。这部动画短片，每集大约两分钟，却如“速效药”一样，让所有的焦虑与压力一扫而光。
<div style='text-align: center;'>
	#image#</div>
《鸡皮和他的朋友》反应的是当代年轻白领的日常生活，不过在疫情下，很多情节貌似非常令人怀念。鸡皮作为故事的主角，是一名刚步入职场的90后，他贯穿整部动画片的始终，而与他CP的角色有老板“暴龙”、同事“酷鸭”、“郝焦绿”、“白小白”，每个人的人物设定也不尽相同。
<div style='text-align: center;'>
	#image#</div>
“暴龙”是一名表面上十分严厉，实际上内心却十分火热的BOSS，其每个举动背后都有着对员工关爱，员工在与之共事时获得了相应的成长。对BOSS拥有100%忠诚度的“酷鸭”，拥有着钢铁直男的人设，成为剧中的“耿直BOY”。而部门女神“白小白”与“郝焦绿”是一对好姐妹，八卦是两人之间速热的良药。
<div style='text-align: center;'>
	#image#</div>
虽然是以动物指代职场中的五种人，但剧情的真实性让很多观众不禁感慨“真相了”。全剧围绕“加班”、“竞争”、“升职加薪”等时下白领热议的话题，以轻松幽默的形式，向观众传递职场生存发展的核心原理。例如，在大家普遍关心的“加班”话题上，老板以加班后的各种福利“诱惑”大家加班，最后导致大家为了“蝇头小利”而浪费大把宝贵时间演戏给老板看，表演自己很辛苦，但却并未产生实际的价值，从长远看，这种行为实际是损害了老板的利益。
<div style='text-align: center;'>
	#image#</div>
还有最近一期的讲“女神节”的桥段，也十分有趣，讲述的是暴龙给两位女生发放女神节礼物。“白小白”收到的是防狼警报器，而鸡皮一听到警报器的声音就跳起舞来，为了让他安心工作，暴龙让鸡皮自己处理警报器。本想扔掉警报器的鸡皮，想起大家对其舞姿的赞美，犹豫了一下又打开警报器，其实是在告诉白领们不要吝惜自己的赞美，你的赞美可能会让一个人的信心大增。
<div style='text-align: center;'>
	#image#</div>
白领们的生活看似光鲜，但企业运转下去的动力是盈利，他们坐在工位上可能内心经历着诸多的波澜。皮小曼工作室的自制动画短片《鸡皮和他的朋友》很好地反应了当代都市白领的工作状况，并以各种积极正能量的态度，向人们传递该如何让自己在职场生长中形成“正向”成长的能力。正值疫情期间，这种解压又有教育意义的作品，值得你好好观看。<br/>
<br/>
<br/>
<br/>

                ",http://www.005.tv/2020/80271.html,http://www.005.tv/zx/list_526_1.html,2020-03-09 22:54:48
名侦探柯南剧场版《绯色的弹丸》预售卷将延期发售,2020-03-06 11:01,"http://www.005.tv/uploads/allimg/200306/66-20030611024Q58.jpg,","
                    <div style='text-align: center;'>
	#image#</div>
剧场版《名侦探柯南：绯色的弹丸》官方宣布原定3月6日起限定电影院发售的预售卷将延期发售，目前剧场版《名侦探柯南：绯色的弹丸》的上映时间没有变动，依旧是4月17日上映。<br/>
《名侦探柯南：绯色的弹丸》讲述了，世界最大的体育盛会即将在东京举办，结合了日本所有尖端技术，世界首创最高时速1000km的“真空超电导新干线”将在名古屋和东京之间开通。这时候大会赞助商汇集的会场遇到突发事件，企业老板相继被绑架。在背后监视的赤井秀一关注到了这一情况，并且着手解决。柯南在调查之后发现，这次的事件与15年前的在美国波士顿发生的连续绑架事件存在关联。<br/>
<br/>

                ",http://www.005.tv/2020/80270.html,http://www.005.tv/zx/list_526_1.html,2020-03-09 22:54:49
《碧蓝之海》真人版预告片,2020-03-06 10:55,"http://www.005.tv/uploads/allimg/200306/66-200306105615S5.jpg,","
                    <div style='text-align: center;'>
	#image#</div>
《碧蓝之海》是一部以潜水为主题的青春喜剧漫画，在2018年曾被TV动画化。这次的电影版预计将于5月29日上映，英勉担任导演，龙星凉、犬饲贵丈、与田祐希、朝比奈彩等人出演。<br/>
<br/>
<iframe frameborder='0' height='498' src='https://player.youku.com/embed/XNDU3NTQ0MTAwMA==' width='510'></iframe><br/>
根据井上坚二・吉冈公威原作拍摄的真人电影《碧蓝之海》公开了预告片。在这段预告片中可以看到包括主人公们全裸在内的多段场景。
                ",http://www.005.tv/2020/80269.html,http://www.005.tv/zx/list_526_1.html,2020-03-09 22:54:49
《少年JUMP》漫画免费看,2020-03-04 10:50,"http://www.005.tv/uploads/allimg/200304/66-200304105214629.jpg,http://www.005.tv/uploads/allimg/200304/66-2003041053004N.jpg,","
                    <div style='text-align: center;'>
	#image#</div>
由于新冠疫情影响3月2日JUMP编辑部宣布，在全国高、中、小学因预防新冠病毒临时停课待在家里这段期间里，《周刊少年JUMP杂志》的2020年第1期~13期将在电子书店上可以免费浏览
<div style='text-align: center;'>
	#image#</div>
<br/>

                ",http://www.005.tv/2020/80268.html,http://www.005.tv/zx/list_526_1.html,2020-03-09 22:54:50
辉夜大小姐想让我告白第二季将于4月11日上映,2020-03-04 10:34,"http://www.005.tv/uploads/allimg/200304/66-20030410435c02.jpg,","
                    <div style='text-align: center;'>
	<iframe frameborder='0' height='498' src='http://player.youku.com/embed/XNDU3MTgxMzU3Ng==' width='510'></iframe></div>
根据赤坂赤原作制作的TV动画《辉夜姬想让人告白～天才们的恋爱头脑战～》第二季宣布了将于4月11日上映的消息，主宣图与印象PV也一并公开。
<div style='text-align: center;'>
	#image#</div>
《辉夜姬想让人告白～天才们的恋爱头脑战～》以历史悠久的名门高中为舞台，讲述了全年级成绩排名第一的男学生会长白银御行与大财团大小姐副会长四宫辉夜之间的恋爱故事。在这次公开的图片中，可以看到将在本季中登场的主要角色们，PV中则使用了由古贺葵配音的辉夜姬的角色歌。<br/>
<br/>
<br/>
<br/>

                ",http://www.005.tv/2020/80267.html,http://www.005.tv/zx/list_526_1.html,2020-03-09 22:54:50
2020年4月新番《食戟之灵 豪之皿》,2020-03-02 11:03,"http://www.005.tv/uploads/allimg/200302/66-200302110G4K5.jpg,","
                    <div style='text-align: center;'>
	#image#<br/>
	 </div>
故事描述一个家中经营餐馆“幸平饭店”的中学生幸平创真，每天总是以料理人的父亲为目标，不断磨练自己的厨艺。他的父亲心血来潮，叫他进入厨艺专校远月学园就读。创真一到那里，不仅邂逅了拥有“神之舌”的女主角薙切绘里奈，而且还在入学典礼的台上出尽风头。于是，创真一方面将克服一连串的严峻考题，同时也将和每一位好敌手在料理场上较劲……<br/>
<br/>
STAFF<br/>
原作：附田祐斗·佐伯俊  协力：森崎友紀<br/>
监督：米たにヨシトモ<br/>
系列构成：ヤスカワショウゴ<br/>
角色设计：下谷智之<br/>
助监督：鈴木洋平<br/>
副设计：小森 篤<br/>
美术监督：備前光一郎<br/>
色彩设计：伊藤由紀子<br/>
摄影监督：黒澤豊<br/>
剪辑：近藤勇二<br/>
音响监督：明田川仁<br/>
音乐：加藤達也<br/>
动画制作：J.C.STAFF<br/>
CAST<br/>
幸平创真：松冈祯丞<br/>
薙切えりな：金元寿子<br/>
田所恵：高桥未奈美<br/>
タクミ・アルディーニ：花江夏树<br/>
一色慧：樱井孝宏<br/>
久我照纪：梶裕贵<br/>
司瑛士：石田彰<br/>
小林竜胆：伊藤静<br/>
女木岛冬辅：楠大典<br/>
斎藤综明：小西克幸<br/>
茜ヶ久保もも：钉宫理恵<br/>
纪ノ国宁々：花泽香菜<br/>
叡山枝津也：杉田智和<br/>
薙切蓟：速水奨<br/>
幸平城一郎：小山力也<br/>
<br/>

                ",http://www.005.tv/2020/80264.html,http://www.005.tv/zx/list_526_1.html,2020-03-09 22:54:50
名侦探柯南剧场版M《绯色的弹丸》动画主题曲PV,2020-02-29 20:05,"http://www.005.tv/uploads/allimg/200229/66-200229201043644.jpg,http://www.005.tv/uploads/allimg/200229/66-200229201525a1.jpg,http://www.005.tv/uploads/allimg/200229/66-200229201614233.jpg,http://www.005.tv/uploads/allimg/200229/66-200229201620607.jpg,http://www.005.tv/uploads/allimg/200229/66-200229201626417.jpg,http://www.005.tv/uploads/allimg/200229/66-200229201631449.jpg,","
                    <div style='text-align: center;'>
	#image#</div>
名侦探柯南第24部剧场版《名侦探柯南：绯色的弹丸》由永冈智佳担任导演，樱井武晴担任编剧，于2020年4月17日在日本公映<br/>
剧情以在即将举行四年一度的世界最大体育盛典“WSG-世界运动大会-”的东京，发生知名大会赞助商们被绑架的大案为起点展开<br/>
<strong>绯色的弹丸视频</strong>
<div style='text-align: center;'>
	<iframe frameborder='0' height='498' src='http://player.youku.com/embed/XNDU2NTQ4ODM5Mg==' width='510'></iframe></div>
日本迎来了世界最大的体育盛典“WSG-世界运动大会-”在东京的举行。配合开幕式，发表了集成日本技术的、以最高时速1000千米为傲的“真空超导磁悬浮列车”在新名古屋站与东京新设的芝滨站间发车的消息。<br/>
世界瞩目之下，知名赞助商云集的聚会会场发生突发案件！陷入了企业高层陆续被绑架的异常事态。在其背后有着监视案件的赤井秀一的身影，以及等待来自赤井的指令的联邦调查局的身影。<br/>
根据柯南的推理，案件和15年前在美国波士顿发生的令人忌讳的WSG连续绑架案的关联性浮现出来，当时的案件也确定是联邦调查局管辖的。这真的是偶然吗？聚集了来自世界各地人群的日本，究竟会发生什么？<br/>
<strong>视频截图预览：</strong>
<div style='text-align: center;'>
	#image#<br/>
	#image#<br/>
	#image#<br/>
	#image#<br/>
	#image#</div>
<br/>
<br/>
<br/>
<br/>
<br/>

                ",http://www.005.tv/2020/80263.html,http://www.005.tv/zx/list_526_1.html,2020-03-09 22:54:51
预定3月上映的《哆啦A梦：大雄的新恐龙》宣布撤档,2020-02-28 10:41,"http://www.005.tv/uploads/allimg/200228/66-20022Q0422O32.jpg,","
                    据日媒报道，剧场版动画《哆啦A梦：大雄的新恐龙》宣布在日本撤档，具体上映日期待定，该片原定于2020年3月6日在日本上映。
<div style='text-align: center;'>
	#image#</div>
<div>
	动画制作：SHIN-EI动画<br/>
	原作：藤子·F·不二雄<br/>
	导演：今井一晓<br/>
	剧本：川村元气<br/>
	角色设计：小岛崇史<br/>
	CG动画指导：森江康太<br/>
	音乐：服部隆之<br/>
	出品：哆啦A梦电影制作委员会（藤子·F·不二雄制作公司、朝日电视台、SHIN-EI动画、旭通广告公司、ShoPro）<br/>
	发行：东宝株式会社</div>
<br/>

                ",http://www.005.tv/2020/80262.html,http://www.005.tv/zx/list_526_1.html,2020-03-09 22:54:51
4月新番《新樱花大战》动画视频预告,2020-02-28 10:25,"http://www.005.tv/uploads/allimg/200228/66-20022Q02T01H.jpg,","
                    <div style='text-align: center;'>
	#image#</div>
《新樱花大战》改编自同名游戏，于2019年9月宣布动画化，由SANZIGEN负责动画制作，2020年4月播出
<div style='text-align: center;'>
	<iframe frameborder='0' height='498' src='http://player.youku.com/embed/XNDU2NDMyMjg3Mg==' width='510'></iframe></div>
新动画将由以由佐仓绫音配音的帝国华击团华组的天宫樱为中心展开。内田真礼、山村响、福原绫香、早见沙织等在游戏中参与配音的角色，也都将在动画中继续配音。动画由“三次元”公司负责制作，小野学担任导演，小野学、浦畑达彦负责剧本。<br/>
<br/>

                ",http://www.005.tv/2020/80259.html,http://www.005.tv/zx/list_526_1.html,2020-03-09 22:54:51
《数码宝贝大冒险 LAST EVOLUTION 绊》相遇篇CM,2020-02-26 16:37,"http://www.005.tv/uploads/allimg/200226/66-2002261G503307.jpg,","
                    <div style='text-align: center;'>
	<iframe frameborder='0' height='498' src='http://player.youku.com/embed/XNDU2MTEzOTc3Mg==' width='510'></iframe></div>
剧场版动画《数码宝贝大冒险 LAST EVOLUTION 绊》的故事发生时间在八神太一和石田大和22岁的那年，将讲述全新的故事。本作将由初代TV动画的原班人马担任制作，声优将采用《数码宝贝大冒险tri.》的阵容。
<div style='text-align: center;'>
	#image#</div>
《数码宝贝大冒险》20周年剧场版动画《数码宝贝大冒险 LAST EVOLUTION 绊》正在日本上映中，官方在今天（2月25日）公开了“相遇篇”CM，展现了太一和亚古兽相遇的场景，配上慢板的主题曲“Butterfly”，真是让人有泪目的感觉。
                ",http://www.005.tv/2020/80258.html,http://www.005.tv/zx/list_526_1.html,2020-03-09 22:54:52
日本吉卜力美术馆暂停营业,2020-02-25 14:52,"http://www.005.tv/uploads/allimg/200225/66-200225145253521.png,http://www.005.tv/uploads/allimg/200225/66-200225145342K3.jpeg,http://www.005.tv/uploads/allimg/200225/66-200225145516155.jpg,http://www.005.tv/uploads/allimg/200225/66-200225145529538.jpg,","
                    <div style='text-align: center;'>
	#image#</div>
防止新型冠状病毒肺炎在日本的进一步扩散，位于东京都多摩市的日本三丽鸥彩虹乐园，于2月21日在官网宣布2020年2月22日至3月12日暂停营业，暂定于3月13日重新开放。<br/>
京都三鹰市的吉卜力美术馆 资料图<br/>
<div style='text-align: center;'>
	#image#<br/>
	#image#<br/>
	#image#</div>
<br/>

                ",http://www.005.tv/2020/80257.html,http://www.005.tv/zx/list_526_1.html,2020-03-09 22:54:52
《蜡笔小新：激战！涂鸦王国和约四位勇士》动画预告片,2020-02-25 14:40,"http://www.005.tv/uploads/allimg/200225/66-20022514415EC.jpg,","
                    <div style='text-align: center;'>
	#image#</div>
《蜡笔小新：激战！涂鸦王国和约四位勇士》是由导演京极尚彦指导小林由美子、楢桥美纪等人配音的电影，是《蜡笔小新》剧场版系列第28部电影，将于日本时间4月24日上映。这是为蜡笔小新漫画连载30周年纪念作品。
<div style='text-align: center;'>
	<iframe frameborder='0' height='498' src='http://player.youku.com/embed/XNDU2MDc4NzMxNg==' width='510'></iframe></div>
借由自由涂鸦为能源浮在空中的涂鸦王国为舞台，讲述由于涂鸦减少导致能源不足，面临灭亡的危机，只能向地面发起进击。小新得到了一支可以让涂鸦变成实物的魔笔，小新等四位勇士担负起拯救世界的重任。<br/>
<br/>

                ",http://www.005.tv/2020/80256.html,http://www.005.tv/zx/list_526_1.html,2020-03-09 22:54:53
《心理测量者3》剧场版动画预告,2020-02-24 14:29,"http://www.005.tv/uploads/allimg/200224/66-2002241434201W.jpg,http://www.005.tv/uploads/allimg/200224/66-200224143431500.jpg,http://www.005.tv/uploads/allimg/200224/66-20022414343UG.jpg,","
                    《心理测量者3：FIRST INSPECTOR》将于2020年3月27日起限定两周剧场上映，Amazon Prime Video独占配信。<br/>
最新视频动画：
<div style='text-align: center;'>
	<iframe frameborder='0' height='498' src='http://player.youku.com/embed/XNDU1NTMwNzY5Mg==' width='510'></iframe></div>
<div>
	视频截图</div>
<div style='text-align: center;'>
	#image#<br/>
	#image#<br/>
	#image#</div>
<br/>
【STAFF】<br/>
　　监督：盐谷直义<br/>
　　系列构成：冲方丁<br/>
　　脚本：深见真、冲方丁、吉上亮<br/>
　　角色原案：天野明<br/>
　　角色设计・总作画监督：恩田尚之<br/>
　　3D监督：大矢和也<br/>
　　音乐：菅野祐悟<br/>
　　OP：Who-ya Extended「Synthetic Sympathy」(SMEレコーズ)<br/>
　　动画制作：Production I.G<br/>
<br/>
【CAST】<br/>
　　慎導灼：梶裕贵<br/>
　　炯・ミハイル・イグナトフ：中村悠一<br/>
　　雛河翔：樱井孝宏<br/>
　　廿六木天马：大塚明夫<br/>
　　入江一途：诹訪部顺一<br/>
　　如月真绪：名塚佳织<br/>
　　唐之杜志恩：泽城美雪<br/>
　　霜月美佳：佐仓绫音<br/>
　　ドミネーター：日高のり子<br/>
　　法斑静火：宫野真守<br/>
　　代银遙煕：中博史<br/>
　　小宫カリナ：日笠阳子<br/>
　　ラウンドロビン：森川智之<br/>
　　梓泽广一：堀内贤雄<br/>
　　小畑千夜：矢作纱友里<br/>
　　狡噛慎也：关智一<br/>
　　宜野座伸元：野岛健児<br/>
　　须乡彻平：东地宏树<br/>
　　六合塚弥生：伊藤静<br/>
　　常守朱：花泽香菜
                ",http://www.005.tv/2020/80254.html,http://www.005.tv/zx/list_526_1.html,2020-03-09 22:54:53
《变形金刚：塞伯坦之战》动画预告,2020-02-24 14:21,"http://www.005.tv/uploads/allimg/200224/66-200224142629494.jpg,http://www.005.tv/uploads/allimg/200224/66-200224142635106.jpg,http://www.005.tv/uploads/allimg/200224/66-200224142641196.jpg,","
                    网飞官方油管公布了《变形金刚》动画《赛伯坦之战三部曲：围城（Transformers：generation War for cybertron Trilogy：Siege）》的最新预告，一起来看看吧。
<div style='text-align: center;'>
	<iframe frameborder='0' height='498' src='http://player.youku.com/embed/XNDU1Nzk4MjUyMA==' width='510'></iframe></div>
　据介绍，动画采用了全新的动画风格，展现汽车人和狂派霸天虎战斗起源。采用与电影版不同的动画造型，仍然是第三人称视点。让玩家们如亲身操纵变形金刚角色般，体验那决定整个种族生死存亡的史诗战争。<br/>
<strong>视频截图：</strong>
<div style='text-align: center;'>
	#image#<br/>
	#image#<br/>
	#image#</div>
<br/>
<br/>

                ",http://www.005.tv/2020/80253.html,http://www.005.tv/zx/list_526_1.html,2020-03-09 22:54:53
D4DJ将于3月27日举办线上直播公演,2020-02-23 18:04,"http://www.005.tv/uploads/allimg/200223/66-2002231P6144S.jpg,","
                    #image#<br/>
<br/>
 因为新型冠状病毒肺炎疫情在日本扩散的影响，D4DJ企划Happy Around! 1st LIVE宣布延期至6月份召开。<br/>
不过官方还宣布在3月27日当天，将会举办D4DJ无现场观众线上直播公演。出演者、直播平台等活动详情将会在后日公布。
                ",http://www.005.tv/2020/80252.html,http://www.005.tv/zx/list_526_1.html,2020-03-09 22:54:53
小说《被众神捡到的男孩》动画化,2020-02-22 18:52,"http://www.005.tv/uploads/allimg/200222/66-2002221U24TP.jpg,http://www.005.tv/uploads/allimg/200222/66-2002221U305P2.jpg,","
                    <div style='text-align: center;'>
	#image#</div>
由Roy创作的小说《被众神捡到的男孩》宣布了动画化企划进行中的消息。有关本作动画的更多内容将于日后公开。
<div style='text-align: center;'>
	#image#</div>
小说《被神捡到的男人》是投稿网站成为小说家吧上连载的网文书籍化的作品。本作中因病去世的中年大叔竹林龙马接受了神的祝福以孩子的形态转生到了剑与魔法的异世界。一开始在森林中一边打猎一边练习魔法的龙马，渐渐开始热衷于研究各种各样的史莱姆……<br/>
<br/>

                ",http://www.005.tv/2020/80251.html,http://www.005.tv/zx/list_526_1.html,2020-03-09 22:54:54
《邪神与厨二病少女》第二季将作为2020年4月新番播出,2020-02-22 18:48,"http://www.005.tv/uploads/allimg/200222/66-2002221U0022A.jpg,","
                    <div style='text-align: center;'>
	#image#</div>
《邪神与厨二病少女》讲述了脑内设定为“地上最强的黑魔术师，将恶魔的思想传达给人们”的女大学生花园百合铃，和被百合铃召唤出来的被称为“邪神酱”的恶魔等角色的日常生活。<br/>
第一季在2018年7月播出，官方在碟片销量合计为2011时正式宣布了第二季的制作决定，第二季将作为2020年4月新番播出<br/>
<br/>

                ",http://www.005.tv/2020/80250.html,http://www.005.tv/zx/list_526_1.html,2020-03-09 22:54:54
哆啦A梦剧场版《哆啦A梦大雄的新恐龙》PV,2020-02-21 14:56,,"
                    <div style='text-align: center;'>
	<iframe frameborder='0' height='498' src='http://player.youku.com/embed/XNDU1NDEwNTYxMg==' width='510'></iframe></div>
这次的《哆啦A梦 大雄的新恐龙》是剧场版《哆啦A梦》系列的最新作。由今井一晓担任导演，川村元气负责剧本。故事与1980年上映的系列首部作品《哆啦A梦 大雄的恐龙》不同，是一部完全原创故事。大雄将于双胞胎恐龙一起，在6600万年前的白亚纪时代冒险。<br/>
预计于2020年3月6日上映的剧场版动画《哆啦A梦 大雄的新恐龙》公开了一段使用了Mr.Children演出的两首主题曲作为背景音乐的特别PV。<br/>
<br/>
<br/>

                ",http://www.005.tv/2020/80248.html,http://www.005.tv/zx/list_526_1.html,2020-03-09 22:54:55
女装觉醒ADV《仆姬计划》宣传片公开,2020-02-21 14:51,"http://www.005.tv/uploads/allimg/200221/66-20022114523W18.jpg,","
                    <div style='text-align: center;'>
	#image#</div>
<br/>
本作游戏讲述了身为少年的主人公，为了拯救被卷入学园内的谜之事件的姐姐，女装进入了女学生率99%的超大小姐学校“私立百合爱学园”，并立志在这座以“可爱”决定一切的学园中，用可爱来打败被称为“四姬”的特别可爱的美少女，成为学园第一的美少女的故事。<br/>
<iframe allowfullscreen='true' frameborder='0' height='493' scrolling='no' src='https://v.qq.com/txp/iframe/player.html?vid=g30698zr9ox' width='639'></iframe>
                ",http://www.005.tv/2020/80247.html,http://www.005.tv/zx/list_526_1.html,2020-03-09 22:54:55
《浪客剑心》电影宣传片,2020-02-21 14:40,"http://www.005.tv/uploads/allimg/200221/66-200221144544508.jpg,http://www.005.tv/uploads/allimg/200221/66-200221144603C4.jpg,http://www.005.tv/uploads/allimg/200221/66-200221144610415.jpg,http://www.005.tv/uploads/allimg/200221/66-200221144616304.jpg,","
                    <div style='text-align: center;'>
	<iframe frameborder='0' height='498' src='http://player.youku.com/embed/XNDU1NTE0NDU0NA==' width='510'></iframe></div>
这次的《浪客剑心 最终章》分为“The Final”和“The Beginning”两部分，其中“The Final”将于7月3日上映，“The Beginning”将于8月7日上映。佐藤健将饰演剑心，另外江口洋介、新田真剑佑、青木崇高、苍井优、江口洋介也将出演，大友启史担任导演。
<div style='text-align: center;'>
	#image#</div>
<div style='text-align: center;'>
	#image#<br/>
	#image#<br/>
	#image#</div>
<br/>

                ",http://www.005.tv/2020/80246.html,http://www.005.tv/zx/list_526_1.html,2020-03-09 22:54:55
《刺客信条 中国》漫画发售,2020-02-21 10:19,"http://www.005.tv/uploads/allimg/200221/66-200221102005564.png,http://www.005.tv/uploads/allimg/200221/66-2002211020421G.jpg,","
                    <div style='text-align: center;'>
	#image#</div>
根据育碧原作改编，仓田三之路担任作画的《刺客信条 中国》第1卷在今天2月19日发售了。<br/>
这部漫画是根据暗杀类动作游戏《刺客信条》中的《刺客信条编年史：中国》改编而来，讲述了明王朝开始出现混乱的1526年，因同伴都被杀害而成为中国最后一名刺客的邵云，为了复仇返回祖国的故事。
<div style='text-align: center;'>
	#image#</div>
漫画的主角是在现代生活的18岁少女·里沙。被暴力冲动困扰的里沙为了知道会这样的原因，使用最新机器追溯体验了祖先·邵云的人生……<br/>
<br/>
<br/>

                ",http://www.005.tv/2020/80245.html,http://www.005.tv/zx/list_526_2.html,2020-03-09 22:54:56
花泽香菜在重庆拍摄的写真集要发售啦,2020-02-20 11:07,"http://www.005.tv/uploads/allimg/200220/66-200220110910N8.jpg,http://www.005.tv/uploads/allimg/200220/66-200220110944333.jpg,http://www.005.tv/uploads/allimg/200220/66-200220110950454.jpg,http://www.005.tv/uploads/allimg/200220/66-200220111000O9.jpg,","
                    <div style='text-align: center;'>
	#image#</div>
这次发售的写真集是在中国的重庆拍摄的。花泽香菜表示，去年因为工作去中国的机会较多，正好有拍写真集的工作，就选择了在中国进行拍摄。不过，比起北京、上海这样去过的地方，去一个没去过的地方会更有意思，所以就决定在重庆拍摄了。
<div style='text-align: center;'>
	#image#<br/>
	#image#<br/>
	#image#</div>
<br/>

                ",http://www.005.tv/2020/80244.html,http://www.005.tv/zx/list_526_2.html,2020-03-09 22:54:56
《恋如雨止》作者新作《九龙大众浪漫》,2020-02-20 10:57,"http://www.005.tv/uploads/allimg/200220/66-200220105J4921.jpg,http://www.005.tv/uploads/allimg/200220/66-200220105QT36.jpg,http://www.005.tv/uploads/allimg/200220/66-200220105R4363.jpg,http://www.005.tv/uploads/allimg/200220/66-200220105U0T8.jpg,","
                    <div style='text-align: center;'>
	#image#</div>
创作了《恋如雨止》的眉月润创作的新作漫画《九龙大众浪漫》，在本日（19日）发售了第一卷。<br/>
《九龙大众浪漫》讲述了居住在被称为“东洋的魔窟”的九龙城寨的男女之间的日常故事。在九龙城寨的房地产公司上班的女性鲸井，在不知不觉中，对之前没有在意过的单身男同事工藤产生了想法……
<div style='text-align: center;'>
	#image#</div>
<div style='text-align: center;'>
	#image#</div>
<div style='text-align: center;'>
	#image#</div>
<br/>
<br/>

                ",http://www.005.tv/2020/80243.html,http://www.005.tv/zx/list_526_2.html,2020-03-09 22:54:56
第二季来了 《五等分的花嫁2》PV,2020-02-19 18:23,"http://www.005.tv/uploads/allimg/200219/66-2002191R62G43.jpg,","
                    《五等分的花嫁》的原作是春场葱创作的漫画作品，目前已经完结。作品讲述了贫穷的高中生上杉风太郎与五名女主角的恋爱喜剧。<br/>
<br/>
<iframe frameborder='0' height='498' src='http://player.youku.com/embed/XNDU1MjI3MjI1Ng==' width='510'></iframe><br/>
第二季封面图
<div style='text-align: center;'>
	#image#</div>
这次的第二季将由导演过《Endro～！》的香织担任导演，大知庆一郎继续担任编剧，制作过《碧蓝航线》的Bibury Animation Studio将负责制作。松冈祯丞、花泽香菜、竹达彩奈、伊藤美来、佐仓绫音和水濑祈将继续参与配音。<br/>
<br/>

                ",http://www.005.tv/2020/80242.html,http://www.005.tv/zx/list_526_2.html,2020-03-09 22:54:57
#拍二次元就选EOS# 佳能专微带你突破次元壁,2020-02-19 15:04,"http://www.005.tv/uploads/allimg/200219/66-200219150640Z9.png,http://www.005.tv/uploads/allimg/200219/66-200219150FM13.png,http://www.005.tv/uploads/allimg/200219/66-200219150H5535.png,http://www.005.tv/uploads/allimg/200219/66-200219150J4326.png,http://www.005.tv/uploads/allimg/200219/66-200219150P2D1.png,http://www.005.tv/uploads/allimg/200219/66-200219150R22L.png,","
                    近一个月以来，疫情无时不刻的都在牵动着全国人民的心。热爱拍摄、喜爱二次文化的小伙伴们请注意，非常时期一定要少出门、勤洗手。去见心爱的Coser一定要等到疫情结束之后再进行。宅在家这段时间里，我们可以先学习漫展摄影的小技巧，让我们先在家中把摄影小知识储备好，等疫情结束后马上就可以实拍啦~ 
<div style='text-align: center;'>
	#image#</div>
对于喜爱摄影的同学来说，想要拍摄出色彩丰富、个性鲜明的二次元作品不仅需要过硬的拍摄技巧，对于拍摄器材来说也是有讲究的，推荐给大家我拍漫展使用的相机——佳能专微EOS R。
<div style='text-align: center;'>
	#image#</div>
二次元的拍摄场景大多在漫展上，外场拍摄中天气的好坏会影响着成片的质量。虽然我们无法决定天气，但是我们可以选择手里的相机。EOS R这款相机的硬件条件真的非常棒， 优秀的画质加上清晰锐利的高感，这样的配置简直可以应对各种天气。一把来说场外日照充足的时候，ISO100左右是足够的，阴天时，则降到200-400左右就可以了。即使在大光比的环境下，人像的肤色也能得到细腻的还原，十分适合漫展拍摄。
<div style='text-align: center;'>
	#image#</div>
室内拍摄时光线不足的条件下，我们可以利用反光板或者是采用打光的方式来补光。如果没有这些装备也没有关系，可以适当提高ISO获取快门速度，另外佳能EOS R的对焦表现相当不错，即使在暗光下也能出色完成任务，完全不用担心有虚焦或者焦点不实的情况。
<div style='text-align: center;'>
	#image#</div>
再来说说镜头，漫展中拍摄人像，首当其冲的当然是RF85mm F1.2这支镜头了。佳能85mm的镜头是被称为人像镜皇。拍摄作品时，85mm不会使人物变形，而且可以很方便的在全身人像和半身人像之间转换。另外，这支大光圈镜头在拍摄人像时可以营造出唯美梦幻的背景虚化效果，能够更好的塑造人物形象，赋予画面强大的冲击感。
<div style='text-align: center;'>
	#image#</div>
除此之外，与Coser的沟通交流也是十分重要的，这个过程不仅可以帮助Coser找到合适的站位和角度，对摄影师来说也可以在反复地尝试中不断提升拍摄水平，一举两得。
<div style='text-align: center;'>
	#image#</div>
以上就是一些在漫展拍摄中可以用到的小技巧哦，希望大家可以利用这段时间在家中多拍多练习，为接下来的漫展做好充足的准备～到时一起来拍心爱的Coser!
                ",http://www.005.tv/2020/80241.html,http://www.005.tv/zx/list_526_2.html,2020-03-09 22:54:57
2019年度动画《鬼灭之刃》多连霸榜,2020-02-17 20:47,"http://www.005.tv/uploads/allimg/200217/66-20021H0524Q34.png,http://www.005.tv/uploads/allimg/200217/66-20021H05319348.png,http://www.005.tv/uploads/allimg/200217/66-20021H053503W.png,http://www.005.tv/uploads/allimg/200217/66-20021H05402626.png,http://www.005.tv/uploads/allimg/200217/66-20021H05410621.png,","
                    日本动画网站d anime store展开了关于2019年年度动画的调查，本次调查共收集了超过11000人的投票，近日，六部门榜单终于公开。
<div style='text-align: center;'>
	#image#</div>
其中，《鬼灭之刃》在“最想推荐的动画”、“故事最好的动画”、“最燃的动画”三个部门中都拿到了第1名。
<div style='text-align: center;'>
	#image#</div>
此外，“最期待后续展开的动画”、“世界观最棒的动画”、“最令人心动的动画”三部门分别由《盾之勇者成名录》、《Dr.STONE》、《辉夜大小姐想让我告白》夺得榜首。
<div style='text-align: center;'>
	#image#</div>
<div style='text-align: center;'>
	#image#</div>
<div style='text-align: center;'>
	#image#</div>
以下是各部门前十名名单：<br/>
最想推荐的动画：<br/>
<br/>
第1名：鬼灭之刃<br/>
<br/>
第2名：Dr.STONE<br/>
<br/>
第3名：盾之勇者成名录<br/>
<br/>
第4名：辉夜大小姐想让我告白<br/>
<br/>
第5名：街角魔族<br/>
<br/>
第6名：彼方的阿斯特拉<br/>
<br/>
第7名：平凡职业造就世界最强<br/>
<br/>
第8名：刀剑神域 Alicization War of Underworld<br/>
<br/>
第9名：女高中生的虚度日常<br/>
<br/>
第10名：五等分的花嫁<br/>
<br/>
最期待后续展开的动画：<br/>
<br/>
第1名：盾之勇者成名录<br/>
<br/>
第2名：彼方的阿斯特拉<br/>
<br/>
第3名：鬼灭之刃<br/>
<br/>
第4名：Dr.STONE<br/>
<br/>
第5名：刀剑神域 Alicization War of Underworld<br/>
<br/>
第6名：平凡职业造就世界最强<br/>
<br/>
第7名：约定的梦幻岛<br/>
<br/>
第8名：喜欢本大爷的竟然就你一个<br/>
<br/>
第9名：炎炎消防队<br/>
<br/>
第10名：五等分的花嫁<br/>
<br/>
世界观最棒的动画：<br/>
<br/>
第1名：Dr.STONE<br/>
<br/>
第2名：鬼灭之刃<br/>
<br/>
第3名：盾之勇者成名录<br/>
<br/>
第4名：平凡职业造就世界最强<br/>
<br/>
第5名：刀剑神域 Alicization War of Underworld<br/>
<br/>
第6名：爱书的下克上<br/>
<br/>
第7名：异世界四重奏<br/>
<br/>
第8名：街角魔族<br/>
<br/>
第9名：炎炎消防队<br/>
<br/>
第10名：彼方的阿斯特拉<br/>
<br/>
故事最好的动画：<br/>
<br/>
第1名：鬼灭之刃<br/>
<br/>
第2名：Dr.STONE<br/>
<br/>
第3名：盾之勇者成名录<br/>
<br/>
第4名：彼方的阿斯特拉<br/>
<br/>
第5名：刀剑神域 Alicization War of Underworld<br/>
<br/>
第6名：这个勇者明明超强却过分慎重<br/>
<br/>
第7名：辉夜大小姐想让我告白<br/>
<br/>
第8名：爱书的下克上<br/>
<br/>
第9名：平凡职业造就世界最强<br/>
<br/>
第10名：街角魔族<br/>
<br/>
最燃的动画：<br/>
<br/>
第1名：鬼灭之刃<br/>
<br/>
第2名：炎炎消防队<br/>
<br/>
第3名：盾之勇者成名录<br/>
<br/>
第4名：Dr.STONE<br/>
<br/>
第5名：刀剑神域 Alicization War of Underworld<br/>
<br/>
第6名：我的英雄学院 第四季<br/>
<br/>
第7名：平凡职业造就世界最强<br/>
<br/>
第8名：战姬绝唱<br/>
<br/>
第9名：流汗吧！健身少女<br/>
<br/>
第10名：一拳超人 第二季<br/>
<br/>
最令人心动的动画：<br/>
<br/>
第1名：辉夜大小姐想让我告白<br/>
<br/>
第2名：五等分的花嫁<br/>
<br/>
第3名：天使降临到我身边<br/>
<br/>
第4名：喜欢本大爷的竟然就你一个<br/>
<br/>
第5名：街角魔族<br/>
<br/>
第6名：我们无法一起学习<br/>
<br/>
第7名：水果篮子 第一季<br/>
<br/>
第8名：鬼灭之刃<br/>
<br/>
第9名：只要长得可爱，即使是变态你也喜欢吗？<br/>
<br/>
第10名：骚动时节的少女们啊
                ",http://www.005.tv/2020/80240.html,http://www.005.tv/zx/list_526_2.html,2020-03-09 22:54:57
fate剧场版 Heaven's Feel最终章宣传图,2020-02-17 20:42,"http://www.005.tv/uploads/allimg/200217/66-20021H04331310.jpg,http://www.005.tv/uploads/allimg/200217/66-20021H04440H9.jpg,http://www.005.tv/uploads/allimg/200217/66-20021H0444Sa.jpg,","
                    <div style='text-align: center;'>
	#image#</div>
剧场版动画《「『Fate/stay night [Heaven&#39;s Feel]』III.spring song》公开了第三弹主宣传图，这次的主宣传图将由武内崇绘制。使用本宣传图制作的前买券预计将于2月29日在日本发售。前买券的特典为使用了本宣传图制作文件夹。<br/>
<br/>
在3月中旬，本作还将与神户观光局进行联动，第一弹宣传图为“Saber×神户大桥”，之后还有“远坂凛×风见鸡之馆”和“间桐樱×鱼鳞之家”。另外在3月20日至22日，本作还将在江户樱地下通道，和东京日本桥三越书店联动。第一弹宣传图为“远坂凛×间桐樱”，之后还将公开“Saber”和“言峰绮礼”的插图。在上述联动中，还将销售使用了插图的周边产品。
<div style='text-align: center;'>
	#image#<br/>
	#image#</div>

                ",http://www.005.tv/2020/80238.html,http://www.005.tv/zx/list_526_2.html,2020-03-09 22:54:58
《PSYCHO-PASS 3 FIRST INSPECTOR》剧场版3月27日上映,2020-02-17 20:40,"http://www.005.tv/uploads/allimg/200217/66-20021H04034234.jpg,","
                    <div style='text-align: center;'>
	#image#</div>
《PSYCHO-PASS 3 FIRST INSPECTOR》剧场版3月27日上映，这次的《PSYCHO-PASS 3 FIRST INSPECTOR》是去年10月至12月播出的TV动画《PSYCHO-PASS 3》的续篇，将继续讲述围绕着“狐”展开的案件。Production I.G负责制作，盐谷直义担任导演，冲方丁担任编剧。<br/>
<br/>

                ",http://www.005.tv/2020/80237.html,http://www.005.tv/zx/list_526_2.html,2020-03-09 22:54:58
《昨日之歌》追加声优,2020-02-16 12:41,"http://www.005.tv/uploads/allimg/200216/66-2002161241424W.jpg,http://www.005.tv/uploads/allimg/200216/66-200216124232W2.jpg,","
                    <div style='text-align: center;'>
	#image#</div>
《昨日之歌》是一部围绕着老好人鱼住陆生、喜欢着他的野中晴、他单恋着的大学好友森之目榀子、向着美大为目标努力的高中生早川浪四人展开的青春群像剧。此前，官方已宣布以上四位的声优分别是小林亲弘、宫本侑芽、花泽香菜、花江夏树。
<div style='text-align: center;'>
	#image#</div>
此外，天海由梨奈、远藤大智、大冢明夫、小形满、川岛得爱、小林千晃、田中宏树、西山宏太朗、藤原夏海、本田贵子、村井美里、诸星堇等声优也确定将会加入本作。<br/>
<br/>
<br/>

                ",http://www.005.tv/2020/80236.html,http://www.005.tv/zx/list_526_2.html,2020-03-09 22:54:59
《紫罗兰永恒花园》剧场版第2弹公开,2020-02-15 12:11,"http://www.005.tv/uploads/allimg/200215/66-200215121210X4.jpg,http://www.005.tv/uploads/allimg/200215/66-2002151212533B.jpg,","
                    《紫罗兰永恒花园》是根据晓佳奈的同名小说改编，讲述了被叫做“自动手记人偶”的负责代笔写信的少女薇尔莉特·伊芙加登的成长故事。TV动画版在2018年1月播出。
<div style='text-align: center;'>
	#image#</div>
伴随着这次新特报视频的公开，本作附带B2海报特典的电影票也一并开始发售。
<div style='text-align: center;'>
	#image#</div>
视频如下，本作预计将于4月24日公开。
<div style='text-align: center;'>
	<iframe frameborder='0' height='498' src='http://player.youku.com/embed/XNDU0NTUxNjU3Mg==' width='510'></iframe></div>
<br/>
<br/>

                ",http://www.005.tv/2020/80235.html,http://www.005.tv/zx/list_526_2.html,2020-03-09 22:54:59
动画作品中的最佳男女情侣排行榜,2020-02-15 12:05,"http://www.005.tv/uploads/allimg/200215/66-200215120F5L2.jpg,http://www.005.tv/uploads/allimg/200215/66-200215120H2124.jpg,http://www.005.tv/uploads/allimg/200215/66-200215120I9B2.jpg,http://www.005.tv/uploads/allimg/200215/66-200215120KS20.jpg,http://www.005.tv/uploads/allimg/200215/66-200215120Q24I.jpg,http://www.005.tv/uploads/allimg/200215/66-200215120R5245.jpg,http://www.005.tv/uploads/allimg/200215/66-200215120T0N5.jpg,http://www.005.tv/uploads/allimg/200215/66-200215120U52R.jpg,http://www.005.tv/uploads/allimg/200215/66-200215120910601.jpg,","
                    日本网友对动画作品中的最佳男女情侣进行了人气投票。这次截止日期是14日晚24点，目前已经有3667票参加。根据目前的排行，《你的名字》中的三叶和泷从去年的同榜单的第三位上升到了第一位的位置。《青春期笨蛋不做兔女郎学姐的梦》中的麻衣和咲太从上次的第五位上升到了第二位。《迷糊餐厅》中的八千代和润从上次的第二位下降到了第三位。以下是前10名名单：<br/>
<div style='text-align: center;'>
	1.三叶和泷《你的名字》471票<br/>
	#image#<br/>
	2.麻衣和咲太《青春期笨蛋不做兔女郎学姐的梦》443票<br/>
	#image#<br/>
	3.八千代和润《迷糊餐厅》415票<br/>
	#image#<br/>
	4.白雪和千《赤发白雪姬》397票<br/>
	#image#<br/>
	5.兰和新一《名侦探柯南》375票<br/>
	#image#<br/>
	6.爽子和翔太《好想告诉你》250票<br/>
	#image#<br/>
	7.美琴和当麻《某科学的超电磁炮》246票<br/>
	#image#<br/>
	8.亚丝娜和桐人《刀剑神域》241票<br/>
	#image#<br/>
	9.高木和西片《擅长捉弄人的高木同学》210票<br/>
	#image#</div>
<br/>
<br/>

                ",http://www.005.tv/2020/80234.html,http://www.005.tv/zx/list_526_2.html,2020-03-09 22:54:59
花泽香菜配音《久保同学不放过我》ASMR视频化,2020-02-13 20:56,"http://www.005.tv/uploads/allimg/200213/66-200213205R1N6.jpg,","
                    《久保同学不放过我》讲述了高中一年级的美少女久保和同班的没有存在感的男生白石纯太之间的日常生活的故事。在这次的视频中，声优花泽香菜为久保配音。视频再现的是本作在本日（13日）发售的周刊YOUNG JUMP11号（集英社）上公开的，久保和白石躲在讲台下面躲避老师时的片段。
<div style='text-align: center;'>
	#image#</div>
<br/>
<div style='text-align: center;'>
	<iframe frameborder='0' height='498' src='http://player.youku.com/embed/XNDU0Mzk1NjExNg==' width='510'></iframe></div>

                ",http://www.005.tv/2020/80233.html,http://www.005.tv/zx/list_526_2.html,2020-03-09 22:55:00
《刀剑神域Arication War of Underworld》第二部分宣传片,2020-02-13 20:36,"http://www.005.tv/uploads/allimg/200213/66-200213203RC10.jpg,","
                    根据川原砾原作轻小说制作的TV动画《刀剑神域Arication War of Underworld》公开了第二部分的最新宣传片。在这段视频中除了亚丝娜等人的战斗以外，桐人也在最后登场。动画预计将于4月开始播出。
<div style='text-align: center;'>
	<iframe frameborder='0' height='498' src='http://player.youku.com/embed/XNDU0MzczNDgxNg==' width='510'></iframe></div>
第二季海报
<div style='text-align: center;'>
	#image#</div>
《刀剑神域 Alicization》是电视动画《刀剑神域》系列的第3期，根据川原砾著作、abec负责插画的轻小说《刀剑神域》的“Alicization篇”（第9至18卷）改编 。动画由小野学担任导演，A-1 Pictures负责制作 。
                ",http://www.005.tv/2020/80232.html,http://www.005.tv/zx/list_526_2.html,2020-03-09 22:55:00
Fate剧场版 hf线剧场版第三话结局已定,2020-02-11 19:26,"http://www.005.tv/uploads/allimg/200211/66-20021119295R37.jpg,http://www.005.tv/uploads/allimg/200211/66-20021119302U52.png,","
                    剧场版《Fate/stay night [Heaven&#39;s Feel]III.spring song》将于3月28日上映
<div style='text-align: center;'>
	#image#</div>
特别节目中卫宫士郎的声优杉山纪彰、间桐樱的声优下屋则子将会出演。另外，目前正在进行抽选100名可以在会场前方区域观看公开直播的优先观赏者的活动。活动截止时间为明天2月12日23时59分（日本时间），身在日本的朋友可以关注并转发AbemaTV动画频道的官方Twitter账号（@Anime_AbemaTV）参与活动。会场的其他区域也可以免费观看特别节目的直播。
<div style='text-align: center;'>
	#image#</div>
看来HF线敲定的是TE结局，虽然BE让人印象更深但我们还是希望有个好结局吧~<br/>
<div style='text-align: center;'>
	<iframe allowfullscreen='true' frameborder='0' height='448' scrolling='no' src='https://v.qq.com/txp/iframe/player.html?vid=z3064uvtqh4' width='641'></iframe></div>

                ",http://www.005.tv/2020/80231.html,http://www.005.tv/zx/list_526_2.html,2020-03-09 22:55:01
动画《王者天下》第三季PV,2020-02-11 09:25,"http://www.005.tv/uploads/allimg/200211/66-200211092Q4352.jpg,","
                    <div style='text-align: center;'>
	<iframe frameborder='0' height='498' src='http://player.youku.com/embed/XNDU0MDA2MDE3Ng==' width='510'></iframe></div>
《王者天下》是荒川稔久和白石雅彦执导，改编自原泰久漫画作品的一部电视动画，由日本Studio Pierrot制作。讲述秦国的少年李信如何成为大将军的故事。
<div style='text-align: center;'>
	#image#</div>
第三季将讲述合纵军篇的故事。作品由signpost负责制作，今泉贤一担任导演，阿部恒担任角色设计，高木登担任编剧。森田成一、福山润、钉宫理惠、浪川大辅、铃木达央和上村佑翔等声优将为本作配音。<br/>
<br/>
<br/>

                ",http://www.005.tv/2020/80230.html,http://www.005.tv/zx/list_526_2.html,2020-03-09 22:55:01
女子运动题材动画《球咏》人设图公布,2020-02-11 09:18,"http://www.005.tv/uploads/allimg/200211/66-200211092115L9.jpg,http://www.005.tv/uploads/allimg/200211/66-20021109215c63.jpg,","
                    本作以女子棒球为题材，讲述了主人公武田咏深有着超强的变化球技巧，与青梅竹马的山崎珠姬等人一起向全国大会迈进的故事。
<div style='text-align: center;'>
	#image#</div>
动画将于4月放送。
<div style='text-align: center;'>
	#image#</div>
<br/>

                ",http://www.005.tv/2020/80229.html,http://www.005.tv/zx/list_526_2.html,2020-03-09 22:55:01
《异种族风俗娘评鉴指南》遭遇停播,2020-02-08 18:47,"http://www.005.tv/uploads/allimg/200208/66-20020QTRA64.jpg,","
                    <div style='text-align: center;'>
	#image#</div>
根据TOKYO MX的官方消息，TOKYO MX停止播出根据天原・masha原作制作的TV动画《异种族风俗娘评鉴指南》。官方的停播原因为：公司构成上的问题。<br/>
《异种族风俗娘评鉴指南》以有着人类、精灵、兽人、天使、恶魔等多种多样的种族同时存在的世界为舞台，讲述了男性们通过由异种族娘们经营的风俗店交换意见的喜剧故事。<br/>
除了TOKYO MX之外，AT-X、KBS京都、富士电视台、BS11依然会继续播出。
                ",http://www.005.tv/2020/80227.html,http://www.005.tv/zx/list_526_2.html,2020-03-09 22:55:02
新番《放学后海堤日记》人设图,2020-02-08 18:43,"http://www.005.tv/uploads/allimg/200208/66-20020QT4522A.png,http://www.005.tv/uploads/allimg/200208/66-20020QT531532.png,http://www.005.tv/uploads/allimg/200208/66-20020QT53T21.png,http://www.005.tv/uploads/allimg/200208/66-20020QT544G4.png,http://www.005.tv/uploads/allimg/200208/66-20020QT549226.png,","
                    <div style='text-align: center;'>
	#image#</div>
根据小坂泰之原作改编的TV动画《放学后海堤日记》公开了海堤部所属的4位角色的视觉图。
<div style='text-align: center;'>
	#image#<br/>
	#image#<br/>
	#image#<br/>
	#image#</div>
《放学后海堤日记》讲述了搬到海边乡下的高中生鹤木阳渚，与前辈·黑岩悠希相遇后加入“海堤部”，被帆高夏海和大野真等充满个性的部员们包围，并觉醒了钓鱼兴趣的青春部活故事。<br/>
<br/>
<br/>

                ",http://www.005.tv/2020/80226.html,http://www.005.tv/zx/list_526_2.html,2020-03-09 22:55:02
女大学生的博多美食记,2020-02-06 09:46,"http://www.005.tv/uploads/allimg/200206/66-200206094Fa37.jpg,","
                    「すいとーと！」以福冈县博多为舞台，描写女子大学生在博多真实的店铺中体验美食的故事，为了维持自己完美的形象，一直隐藏真实的自己生活着的女大学生百濑桃桃，喜欢有大量大蒜的饭，这个秘密被自己的学妹清水ゆず知道后，两个人便开始一同在外品尝美食。本作连载于少年JUMP+。
<div style='text-align: center;'>
	#image#</div>
<br/>

                ",http://www.005.tv/2020/80225.html,http://www.005.tv/zx/list_526_2.html,2020-03-09 22:55:02
《虚构推理》官方推特粉丝数破3W,2020-02-06 09:40,"http://www.005.tv/uploads/allimg/200206/66-2002060942021B.jpg,http://www.005.tv/uploads/allimg/200206/66-200206094214948.jpg,http://www.005.tv/uploads/allimg/200206/66-2002060942204G.jpg,http://www.005.tv/uploads/allimg/200206/66-20020609422A43.jpg,http://www.005.tv/uploads/allimg/200206/66-200206094235301.jpg,http://www.005.tv/uploads/allimg/200206/66-200206094241T2.jpg,http://www.005.tv/uploads/allimg/200206/66-200206094246364.jpg,http://www.005.tv/uploads/allimg/200206/66-200206094252157.jpg,","
                    <div style='text-align: center;'>
	<span style='font-family:arial,helvetica,sans-serif;'> TV动画</span>《虚构推理》官方推特粉丝数破3W<span style='font-family:arial,helvetica,sans-serif;'>，官方为表示庆祝公布了女主岩永琴子的一系列表情包。<br/>
	#image# #image#<br/>
	#image# #image#<br/>
	#image# #image#<br/>
	#image# #image#</span></div>
<br/>

                ",http://www.005.tv/2020/80224.html,http://www.005.tv/zx/list_526_2.html,2020-03-09 22:55:02
羁绊网官方新春套盒赠送活动！,2020-02-04 18:43,"http://www.005.tv/uploads/allimg/200204/66-2002041U40AE.jpg,http://www.005.tv/uploads/allimg/200204/66-2002041U516104.jpg,http://www.005.tv/uploads/allimg/200204/66-2002041U52M42.jpg,http://www.005.tv/uploads/allimg/200204/66-2002041U640504.jpg,","
                    羁绊网将揪15位幸运小伙伴，送上10份《超自然调查小队》 新春套盒以及5份手机挂绳，2月8日晚8点开奖！<br/>
参与方式：<br/>
https://weibo.com/5107670770/IsEfwxirn  访问新浪微博后参与
<div style='text-align: center;'>
	#image#</div>
<span style='color: rgb(51, 51, 51); font-family: Arial, &#34;PingFang SC&#34;, &#34;Hiragino Sans GB&#34;, &#34;Microsoft YaHei&#34;, &#34;WenQuanYi Micro Hei&#34;, sans-serif; font-size: 14px;'>这个春节，</span><span style='color: rgb(51, 51, 51); font-family: Arial, &#34;PingFang SC&#34;, &#34;Hiragino Sans GB&#34;, &#34;Microsoft YaHei&#34;, &#34;WenQuanYi Micro Hei&#34;, sans-serif; font-size: 14px;'>羁绊娘想给你的春节带来一丝乐趣，来一场超自然的邂逅！</span><br style='color: rgb(51, 51, 51); font-family: Arial, &#34;PingFang SC&#34;, &#34;Hiragino Sans GB&#34;, &#34;Microsoft YaHei&#34;, &#34;WenQuanYi Micro Hei&#34;, sans-serif; font-size: 14px;'/>
<br style='color: rgb(51, 51, 51); font-family: Arial, &#34;PingFang SC&#34;, &#34;Hiragino Sans GB&#34;, &#34;Microsoft YaHei&#34;, &#34;WenQuanYi Micro Hei&#34;, sans-serif; font-size: 14px;'/>
<span style='color: rgb(51, 51, 51); font-family: Arial, &#34;PingFang SC&#34;, &#34;Hiragino Sans GB&#34;, &#34;Microsoft YaHei&#34;, &#34;WenQuanYi Micro Hei&#34;, sans-serif; font-size: 14px;'>一个接一个的离奇死亡？都市传说一般的灵异电话？一筹莫展的当地警方与自信满满的迷之少年？</span><br style='color: rgb(51, 51, 51); font-family: Arial, &#34;PingFang SC&#34;, &#34;Hiragino Sans GB&#34;, &#34;Microsoft YaHei&#34;, &#34;WenQuanYi Micro Hei&#34;, sans-serif; font-size: 14px;'/>
<span style='color: rgb(51, 51, 51); font-family: Arial, &#34;PingFang SC&#34;, &#34;Hiragino Sans GB&#34;, &#34;Microsoft YaHei&#34;, &#34;WenQuanYi Micro Hei&#34;, sans-serif; font-size: 14px;'>“不是人的案件，用人的手段是破不了案的。”</span><br style='color: rgb(51, 51, 51); font-family: Arial, &#34;PingFang SC&#34;, &#34;Hiragino Sans GB&#34;, &#34;Microsoft YaHei&#34;, &#34;WenQuanYi Micro Hei&#34;, sans-serif; font-size: 14px;'/>
<span style='color: rgb(51, 51, 51); font-family: Arial, &#34;PingFang SC&#34;, &#34;Hiragino Sans GB&#34;, &#34;Microsoft YaHei&#34;, &#34;WenQuanYi Micro Hei&#34;, sans-serif; font-size: 14px;'>超自然调查小队，带你揭开谜题的真相。<br/>
小说地址：</span>http://www.005.tv/obi/<br/>
<br/>
奖品：
<div style='text-align: center;'>
	#image#<br/>
	#image#</div>
小说章节
<div style='text-align: center;'>
	#image#</div>
<br/>

                ",http://www.005.tv/2020/80223.html,http://www.005.tv/zx/list_526_3.html,2020-03-09 22:55:03
七月新番 《宇崎酱想要玩耍》,2020-02-04 18:16,"http://www.005.tv/uploads/allimg/200204/66-2002041SA4216.jpg,","
                    <div style='text-align: center;'>
	#image#</div>
原作是是漫画家 丈(たけ)创作的喜剧漫画，故事讲述了性格有些孤僻喜爱安静的大学3年级生，樱井真一。总是被小一届，同高中毕业的学妹宇崎花，以各种照顾爱耍孤僻的学长的名义为由，进行各种无厘头的纠缠。虽然一开始觉得有点困扰，但却逐渐习惯起来…<br/>
<br/>
STAFF<br/>
<br/>
原作：丈<br/>
监督：三浦和也<br/>
系列构成：あおしまたかし<br/>
角色设计：栗原学<br/>
制作：ENGI<br/>
<br/>
CAST<br/>
宇崎花：大空直美<br/>
桜井真一：赤羽根健治<br/>
亜細亜実：竹達彩奈<br/>
榊逸仁：高木朋弥<br/>
<br/>

                ",http://www.005.tv/2020/80222.html,http://www.005.tv/zx/list_526_3.html,2020-03-09 22:55:04
荒野的寿飞行队 剧场版《荒野的寿飞行队完全版》,2020-02-02 10:46,"http://www.005.tv/uploads/allimg/200202/66-200202104I6307.jpg,http://www.005.tv/uploads/allimg/200202/66-200202104P2L2.jpg,","
                    <div style='text-align: center;'>
	#image#</div>
荒野的寿飞行队 完全版》是根据TV动画而制作的总集篇，在此之上还追加了一些新作内容。在本次公布的视觉图中，我们可以看到主人公琪莉耶的战机与宿敌魁的战机在夕阳中对峙的画面。
<div style='text-align: center;'>
	#image#</div>
《荒野的寿飞行队》是由水岛努担任监督、横手美智子负责脚本、GEMBA负责动画制作的原创TV动画，播出于2019年1月。本作讲述的是由6名少女组成的保镖集团“寿飞行队”的空战日常故事。
                ",http://www.005.tv/2020/80221.html,http://www.005.tv/zx/list_526_3.html,2020-03-09 22:55:04
漫画《小野与明里》31日起开始连载,2020-01-31 19:14,"http://www.005.tv/uploads/allimg/200131/66-2001311915555X.jpg,http://www.005.tv/uploads/allimg/200131/66-200131191644321.jpg,","
                    <div style='text-align: center;'>
	#image#</div>
创作了《社畜与幽灵》的漫画家“日日ねるこ”从本日（31日）起开始在heros的网络漫画平台上连载新作《小野与明里（のんちゃんとアカリ）》。在本作中，将讲述女高中生和被诅咒的人偶之间的故事。<br/>
在本次公开的第一话中，女高中生明里搬到了一间令人毛骨悚然的洋馆中。在洋馆中的被诅咒的人偶虽然使用了各种方法吓唬明里，不过明里的反应却与大部人被吓跑的人不同……
<div style='text-align: center;'>
	#image#<br/>
	该作品将于31号起开始连载</div>

                ",http://www.005.tv/2020/80220.html,http://www.005.tv/zx/list_526_3.html,2020-03-09 22:55:04
LiSA宣布结婚！,2020-01-28 14:46,"http://www.005.tv/uploads/allimg/200128/66-20012Q44Q4349.jpg,http://www.005.tv/uploads/allimg/200128/66-20012Q4491NX.jpg,","
                    知名声优、歌手铃木达央与凭借《鬼灭之刃》主题曲等作品广为人知的歌手LiSA宣布了结婚。在铃木达央事务所的官方网站和LiSA的官方网站上，公布了2人结婚的消息。
<div style='text-align: center;'>
	#image#</div>
铃木充满干劲地表示：“在各种各样的偶然中相遇的我们，会因为细微的小事一起欢笑歌唱，如果有不明白的事就会一同去桌子或厨房，在相互表达敬意的同时也孕育了羁绊。通过这些事情，我意识到日常生活中的幸福油然而生，今后也想和她一直生活下去，最后终于结婚了。”
<div style='text-align: center;'>
	#image#</div>
LiSA则表示：“和铃木先生度过的每天中，感到迷惑的时候、遇到挫折的时候，他都能成为有力的支撑。对我、对我们来说，考虑到今后的人生，就决定结婚了。”<br/>
<br/>
<br/>

                ",http://www.005.tv/2020/80218.html,http://www.005.tv/zx/list_526_3.html,2020-03-09 22:55:05
《死神BLEACH》20周年 新作动画还会有吗？,2020-01-29 10:01,"http://www.005.tv/uploads/allimg/200129/66-200129100255N3.jpg,","
                    　久保带人作品《死神BLEACH》自2001年开启了长达15年的连载，如今该作即将迎来20周年纪念，官方企划活动正式宣布。
<div style='text-align: center;'>
	#image#</div>
东京“AnimeJapan 2020”将于2020年3月21日~24日开启，21日《死神BLEACH》将打响头炮，“BLEACH 20周年企划&amp;久保带人新作发表会”定于日本时间9:45~10:15举行。<br/>
<br/>
　　企划页面已经开启，期待《死神》20周年企划和久保带人新作。
                ",http://www.005.tv/2020/80219.html,http://www.005.tv/zx/list_526_3.html,2020-03-09 22:55:05
10月新番《关于我转生成为史莱姆的那件事》第二季播出,2020-01-27 17:03,"http://www.005.tv/uploads/allimg/200127/66-20012GF435952.jpg,","
                    根据川上泰树、伏濑原作制作的TV动画《关于我转生成为史莱姆的那件事 第二季》宣布了将于今秋开播的消息，8bit将继续负责第二季的制作。
<div style='text-align: center;'>
	#image#</div>
《关于我转生成为史莱姆的那件事》讲述了被杀后转生成为史莱姆的主人公，在异世界中展开的冒险之旅的故事。TV动画第一季曾于2018年10月播出。<br/>
另外在3月27日、7月9日和11月9日发售的原作漫画第14卷、15卷和16卷的特装版中，还将分别附带根据伏濑创作的原创剧本《利姆露的华丽的教师生活》的第1、2、3部分。
                ",http://www.005.tv/2020/80217.html,http://www.005.tv/zx/list_526_3.html,2020-03-09 22:55:05
《命运石之门》将推出真人版,2020-01-27 16:57,"http://www.005.tv/uploads/allimg/200127/66-20012GA9494P.jpg,http://www.005.tv/uploads/allimg/200127/66-20012GAZHJ.jpg,http://www.005.tv/uploads/allimg/200127/66-20012GA924G1.jpg,","
                    游戏《命运石之门》宣布了美国好莱坞正在制作本作真人电视剧的消息，制作过《同妻俱乐部》等作品的Skydance Television将负责拍摄，更多消息还将与日后公开。
<div style='text-align: center;'>
	#image#</div>
《命运石之门》的原作是2009年发售的游戏作品。本作在2011年曾被TV动画化，在2013年上映了剧场版动画，2018年《命运石之门0》也被TV动画化。
<div style='text-align: center;'>
	#image#</div>
<div style='text-align: center;'>
	#image#</div>

                ",http://www.005.tv/2020/80216.html,http://www.005.tv/zx/list_526_3.html,2020-03-09 22:55:06
火影忍者世界携手上海电信 打造中国首个5G室内主题乐园,2020-01-24 11:02,"http://www.005.tv/uploads/allimg/200124/66-20012411034Vc.jpg,http://www.005.tv/uploads/allimg/200124/66-2001241104323P.jpg,http://www.005.tv/uploads/allimg/200124/66-200124110522414.jpg,http://www.005.tv/uploads/allimg/200124/66-200124110529403.jpg,http://www.005.tv/uploads/allimg/200124/66-200124110620C8.jpg,http://www.005.tv/uploads/allimg/200124/66-20012411062Y26.jpg,http://www.005.tv/uploads/allimg/200124/66-200124110A0639.jpg,","
                    1月21日，火影忍者世界联合中国电信上海公司（以下简称上海电信）在上海新世界城共同宣布，全球首家正版授权的”火影忍者世界”主题乐园，也是中国首个5G全覆盖室内主题乐园，将于鼠年大年初一正式开幕。此次合作是上海作为全国主题乐园行业领导者在5G时代的又一次重大战略布局，标志着中国主题乐园进入5G文娱新时代。上海电信为乐园部署了全覆盖、高质量的5G网络并为5G游戏特色应用提供技术支持。
<div style='text-align: center;'>
	#image#</div>
<strong>强强联手，打造国内首个5G＋文娱盛宴</strong><br/>
《火影忍者》IP在日本乃至全世界范围内都异常火爆，《火影忍者》是日本漫画家岸本齐史的代表作，自1999年起在《周刊少年JUMP》（集英社）上连载。系列单行本漫画在日本国内发行数量累计 突破1亿4千万本，并同时在40多个国家销售，在海外市场的销售数量也已突破9500万本。电视动画《火影忍者》系列于2002年开始在东京电视台播出后，相继在全世界范围内的80多个国家播放，深受各国动漫爱好者的喜爱。中国作为日本一衣带水的邻邦，中日文化交流源远流长。<br/>
凭借超强的人流汇聚属性以及IP吸引力，大型主题乐园向来都是各类尖端科技采用试行的先行区。 而随着我国电子通信技术的飞速发展， 5G概念对于很多人而言已然不是陌生的名词。2019年6月6日，工信部正式向中国电信发放5G商用牌照。上海电信拥有中国电信集团内最大的城市电信网络，为超过2200万户用户提供全业务综合智能信息服务。上海电信正加快5G建设，今年可基本形成一张覆盖中心城区和主要城镇的5G移动网络，也已经在诸多垂直行业实现了一大批可复制推广的”5G+重点行业”标杆行业应用。全球首家正版授权”火影忍者世界”主题乐园与上海电信强强联合，最引人关注的就是5G技术在”火影忍者世界”主题乐园里面的使用，这不仅是新科技与超高人气动漫IP首次集结，更可以说是互联网、通信技术革命与新时期中国文娱产业供给侧改革需求下应运而生的跨界创新典范。
<div style='text-align: center;'>
	#image#</div>
上海电信与”火影忍者世界”主题乐园策划了基于AR技术的沉浸式应用，结合全覆盖的5G网络，供游客直接感受5G网络高速率、低时延的网络特性，游客使用5G手机，将比使用4G手机获得更加流畅的AR体验。双方希望通过合作，让”火影忍者世界”主题乐园在5G网络的加持下，给大众呈现一个丰富且多维度、真实并极具代入感的”奇幻空间”。据悉，”火影忍者世界”主题乐园内采用近百台4D光雕投影仪、全球顶尖4k眼镜、MX4D座椅等最新设备，将以精彩纷呈的多媒体及AR、VR技术构筑起梦幻而又真实的动漫世界。借助乐园中无处不在的极速5G网络，游客更可利用5G手机享受贯穿乐园场内外、现实虚拟交互的沉浸式体验，在乐园中探索秘密场景，与动漫人物相遇互动，打卡闯关，一同探索忍术秘密，还可和其他游客一决高下，感受全新的”探索+挑战”的游园之旅。在游乐之余，与现场实物、虚拟光影甚至动漫形象同框留念。随着乐园的正式开业，盛传已久的5G将再度添加了一个全新的运用场景。这个融合了全国最高科技的主题乐园也将再次完美诠释文化为科技创新提供内容驱动，科技为文化融合与表达探索创新可能。<br/>
<strong>中日顶尖团队共同操刀 击破次元壁</strong><br/>
“火影忍者世界”主题乐园位于南京西路上海新世界城11楼，占地面积近9000平方米。火影之路、木叶隐村、中忍考试会场、查克拉森林、忍界大战等这些动画片中那个既充满着”无限现代生活气息”、又带着”浓厚日式幻想色彩”的二次元忍者世界，都将高质量地还原在三次元人们的面前。除了原汁原味的场景还原，火影乐园更请来了日本顶尖创意艺术团队NAKED打造了属于火影忍者的光影世界。
<div style='text-align: center;'>
	#image#</div>
<div style='text-align: center;'>
	#image#</div>
“火影忍者世界”主题乐园用光雕投影技术，配合立体环绕声效，为大家创造声、光、影全方位的艺术体验空间。游客可以使用中国电信的4G和5G手机，充分体验结合AR、人工智能等最前沿技术。完全覆盖整个乐园的电信5G网络，可以让游客酣畅淋漓地享受5G所带来的高速率、快响应的独特优势，将成为光影艺术爱好者、发圈爱好者不可错过的打卡胜地。
<div style='text-align: center;'>
	#image#、</div>
<div style='text-align: center;'>
	#image#</div>
近年来，密室游戏由于玩法新颖、沉浸式体验、具有挑战性等特点，深受年轻人的喜爱。”火影忍者世界”主题乐园深耕用户需求，为进一步提升用户体验，更是与日本著名密室逃脱厂牌SCRAP共同打造了沉浸式潜入游戏”by SCRAP～成为忍者的试炼～”，特别设定IPAD进行游戏闯关，独创的APP操作系统，与各”关卡”联动，力求让用户身临其境，感受要成为一名真正忍者所需要的沉着、智慧及勇气。
<div style='text-align: center;'>
	#image#</div>
“火影忍者世界”主题乐园将于1月25日开始正式营业，并开放神秘新场景，同时，5G上线也将成为乐园一大新亮点。 独一无二的”火影忍者世界”主题乐园势必将为上海这座城市带来新的娱乐热点，成为大家文化娱乐、旅游休闲、亲子互动的新选择。
                ",http://www.005.tv/2020/80215.html,http://www.005.tv/zx/list_526_3.html,2020-03-09 22:55:06
TV动画《昨日之歌》公开声优及主视觉图  4月5日开播,2020-01-24 10:17,"http://www.005.tv/uploads/allimg/200124/66-200124101922U2.jpg,http://www.005.tv/uploads/allimg/200124/66-200124102020958.jpg,http://www.005.tv/uploads/allimg/200124/66-20012410214B16.jpg,http://www.005.tv/uploads/allimg/200124/66-2001241023132U.jpg,http://www.005.tv/uploads/allimg/200124/66-200124102413Q8.jpg,http://www.005.tv/uploads/allimg/200124/66-200124102543120.jpg,http://www.005.tv/uploads/allimg/200124/66-200124102625514.jpg,http://www.005.tv/uploads/allimg/200124/66-200124102F35a.jpg,http://www.005.tv/uploads/allimg/200124/66-200124102P6222.jpg,http://www.005.tv/uploads/allimg/200124/66-200124103142V5.jpg,","
                    TV动画《昨日之歌》改编自冬目景老师的同名漫画，该漫画曾连载于集英社《GRANDJUMP》，其中细腻的心理描写深受读者喜爱。动画将于4月5日1：30在日本朝日电视台的新深夜动画栏目“NUMAnimation”及网络电视台“Abema TV”播出，而中国国内也将于4月5日0：30同步播出。本次公开了动画4位主演声优和他们的寄语，主视觉图也一并公开。其中鱼住陆生将由小林亲弘配音，野中晴将由宫本侑芽配音，森之目榀子将由花泽香菜配音，早川浪将由花江夏树配音。<br/>
制作阵容方面，由负责过《干物妹小埋》、《月刊少女野崎君》等作品的动画工房担任动画制作，负责过《NEW GAME!!》、《可塑性记忆》的藤原佳幸担任监督、系列构成和脚本，参与制作过《魔法少女小圆》、《月刊少女野崎君》的谷口淳一郎担任角色设计。
<div style='text-align: center;'>
	#image#</div>
本作讲述的是发生在离新宿不远的私铁沿线的街上，4名男女一边烦恼、迷茫，一边努力生活的人生和爱情故事。小小的误会让人擦肩而过，彼此的感情错综复杂。他们的日常生活里，有49%在凝视过往，有51%在向未来张望。<br/>
<strong>【声优寄语】</strong>
<div style='text-align: center;'>
	<strong>#image#</strong><br/>
	<strong>鱼住陆生 （CV：小林亲弘）</strong></div>
<div>
	声优寄语：<br/>
	《昨日之歌》是一部讲述年轻人在日常的烦恼中随性而活的青春群像剧，主人公们都是大学前后的年纪。陆生的那种优柔寡断和晚熟与我十分有共鸣，我也认真地去表演了。就好像在真人作品和舞台剧中一样，我是用身临其境的感觉去演绎动画中的剧情的。</div>
<div style='text-align: center;'>
	#image#</div>
<div>
	野中晴 （CV：宫本侑芽）<br/>
	声优寄语：<br/>
	这部作品十分生动地描绘出年轻人的感情起伏。那种遇事很容易纠结的心理，我深有同感。在他们当中，小晴是最会直接表露心绪的女孩子。我觉得她很强大也很帅气，因此在饰演这个角色的同时，我也能从她身上获得勇气。</div>
<div style='text-align: center;'>
	#image#</div>
<div>
	森之目榀子（CV：花泽香菜）<br/>
	声优寄语：<br/>
	榀子在外是学校老师、在家做饭拿手又很体贴，简直就是完美女人，但在感情方面她却很脆弱……希望大家可以在每一帧都美如画的影片里，守护住她在恋爱中的那种焦虑和期盼。</div>
<div style='text-align: center;'>
	#image#</div>
<div>
	早川浪 （CV：花江夏树）<br/>
	声优寄语：<br/>
	通过配音，我再次体会到这是一部对话节奏感极佳的作品。即使是没有对白的时候，心理活动也表现得非常细腻。小浪的恋爱路非常难走，但是他毫不气馁一直在努力，希望大家多多支持他。<br/>
	<br/>
	【播出信息】<br/>
	电视台播出：朝日电视台“NUMAnimation”栏目、BS朝日<br/>
	播出时间：2020年4月5日 每周日1：30<br/>
	BS朝日2020年4月10日 每周五11：30<br/>
	网络播出：AbemaTV  2020年4月5日  每周日1：30<br/>
	播出网址：https://abema.tv/channels/abema-anime/slots/ETm2RL3YdqW2K1<br/>
	正片：全12集<br/>
	网络限定番外：全6集（AbemaTV正片播出结束后独家先行发布）<br/>
	<br/>
	<strong>【人物介绍】</strong></div>
<div style='text-align: center;'>
	<strong>#image#</strong></div>
<div>
	<strong>鱼住陆生（CV:小林亲弘）</strong><br/>
	大学毕业后没有找全职工作，一边在便利店打工，一边摸索自己的出路。</div>
<div style='text-align: center;'>
	#image#</div>
<div>
	野中晴(CV：宫本侑芽)<br/>
	带着乌鸦的神秘少女。经常去陆生打工的便利店。</div>
<div style='text-align: center;'>
	#image#</div>
<div>
	森之目榀子(CV：花泽香菜)<br/>
	和陆生是大学同学。毕业后回老家学校做过编外老师，之后又回到东京。</div>
<div style='text-align: center;'>
	#image#</div>
<div>
	早川浪(CV：花江夏树)<br/>
	立志要考取美大，正在美大预备学校读书的高三生。从小就认识榀子。<br/>
	<strong>【原作信息】</strong><br/>
	《昨日之歌》是冬目景老师从1998年开始连载于集英社《Business Jump》~《GRANDJUMP》的漫画作品，该作2015年迎来完结篇。漫画总销量超过140万册，至今仍受读者喜爱。<br/>
	<strong>【故事梗概】</strong><br/>
	主人公鱼住陆生大学毕业后没有找稳定的工作，一直在便利店打工。他过着漫无目的的生活，不时又对未来感到焦虑。某天，充满神秘感的少女小晴带着一只乌鸦出现在他面前。<br/>
	小晴与众不同的大胆行为总是让鱼住不知如何招架，而此时他也得知曾经憧憬的大学同学“榀子”回到了东京……<br/>
	<strong>【STAFF】</strong><br/>
	原作：冬目景（集英社 Young Jump Comics GJ刊）<br/>
	监督·系列构成·脚本：藤原佳幸<br/>
	副监督：伊藤良太<br/>
	脚本：田中仁<br/>
	角色设计・总作画监督：谷口淳一郎<br/>
	总作画监督：吉川真帆<br/>
	音响监督：土屋雅纪<br/>
	美术监督：宇佐美哲也<br/>
	色彩设计：石黑 けい<br/>
	摄影监督：桒野贵文<br/>
	编集：平木大辅<br/>
	背景：STUDIO EASTER<br/>
	动画制作：动画工房<br/>
	制作：DMM.futureworks<br/>
	<strong>【CAST】</strong><br/>
	鱼住陆生CV：小林亲弘<br/>
	野中晴 CV：宫本侑芽<br/>
	森之目榀子CV：花泽香菜<br/>
	早川浪 CV：花江夏树<br/>
	<br/>
	更多信息请关注后续报道。<br/>
	官方Twitter： https://twitter.com/anime_yesterday<br/>
	官方网站： https://singyesterday.com/<br/>
	官方微博： https://weibo.com/singyesterday<br/>
	ⓒ Kei Toume/SHUEISHA, SING“YESTERDAY”FOR ME COMMITTEE Licensed by JY Animation <br/>
	<br/>
	<strong style='text-align: center;'>媒体宣传支持</strong><br/>
	<strong style='text-align: center;'>（排名不分先后）<br/>
	#image#</strong><br/>
	 </div>

                ",http://www.005.tv/2020/80213.html,http://www.005.tv/zx/list_526_3.html,2020-03-09 22:55:06
动画《记录的地平线 圆桌崩坏》将于2020年10月开播,2020-01-22 10:46,"http://www.005.tv/uploads/allimg/200124/66-200124104P4M1.jpg,http://www.005.tv/uploads/allimg/200124/66-200124105045360.jpg,","
                    讲述被困在游戏世界里的玩家们的羁绊与冒险故事——广受好评的《记录的地平线》，将要推出时隔5年的第三部新作动画了！片名《记录的地平线 圆桌崩坏》，正片将于2020年10月起在NHK教育频道等平台播出。<br/>
《记录的地平线 圆桌崩坏》由NHK Enterprises、杰外动漫联合出品。曾参与前作的明星制作班底、声优阵容将会重新聚集，为大家呈献一个从未变质的《记录的地平线》世界——精彩的奇幻战斗、惊心动魄的心理战、有笑有泪的人情百态、友情与爱情交织的群像故事……<br/>
各位敬请期待！
<div style='text-align: center;'>
	#image#</div>
<strong>剧情概要：</strong><br/>
一天，数万名玩家突然被困在了网游《幻境神话》的世界里！在这个怪物与魔法真实存在的异世界里，被称作“冒险者”的玩家们陷入了混乱，冒险者都市“秋叶原”也逐渐沦为不法之地。<br/>
不善交际的城惠，也是这样的冒险者的一员。但决意改善这一切现状的他，和盟友直继、晓、喵太等人组成了公会“记录的地平线”，并以自己的聪明才智为武器，呼吁冒险者们团结一心。冒险者们的自治组织“圆桌会议”就此成立，为秋叶原恢复了秩序与和平。<br/>
通过“圆桌会议”牵头，冒险者们也开始了与游戏世界的原居民“大地人”的交流。贵族代表柯文家的蕾妮希雅公主作为大使出任秋叶原，冒险者与大地人的贵族、商人、普通居民们的交流也愈加活跃。<br/>
自从冒险者们被传送到这个世界的“大灾难”以来，已经过了1年时间。在秋叶原表面上的和平与繁荣之下，却藏着新种怪物“典灾”的袭来、东西方贵族的权力斗争、冒险者之间的贫富差距与观念差异等不安的火种。<br/>
而终于，冒险者们团结的象征“圆桌会议”迎来了分崩离析的危机……<br/>
<br/>
CAST：<br/>
城惠：寺岛拓笃<br/>
直继：前野智昭<br/>
晓：加藤英美里<br/>
喵太：中田让治<br/>
冬弥：山下大辉<br/>
实莉：田村奈央<br/>
五十铃：松井惠理子<br/>
伦迪浩斯：柿原彻也<br/>
特托拉：藤井雪代<br/>
<br/>
玛莉艾儿：原由实<br/>
荷丽艾塔：高垣彩阳<br/>
瑟拉拉：久野美咲<br/>
<br/>
蕾妮希雅：伊濑茉莉也<br/>
加奈美：井上麻里奈<br/>
克拉斯提：樱井孝宏<br/>
高山三佐：名冢佳织<br/>
莉洁：村川梨衣<br/>
道隆：后藤弘树<br/>
卡拉辛：冈本信彦<br/>
艾札克：日野聪<br/>
亚因斯：西田雅一<br/>
威廉·麻萨诸塞：中村悠一<br/>
<strong>STAFF：</strong><br/>
原作：橙乃真希<br/>
剧情监修：桝田省治<br/>
角色原案：原和弘<br/>
导演：石平信司<br/>
系列构成：根元岁三<br/>
音响监督：秦昌二<br/>
音乐：高梨康治<br/>
动画制作：STUDIO DEEN<br/>
<br/>
官方微博：https://weibo.com/loghorizon2020<br/>
ⒸMamare Touno,KADOKAWA/LHP Licensed by JY Animation<br/>
媒体宣传支持<br/>
#image#<br/>

                ",http://www.005.tv/2020/80214.html,http://www.005.tv/zx/list_526_3.html,2020-03-09 22:55:07
Phat《游戏人生》吉普莉尔小天翼种版1/7比例手办 21年1月31日发售,2020-01-21 17:08,"http://www.005.tv/uploads/allimg/200121/67-2001211F94aE.jpg,http://www.005.tv/uploads/allimg/200121/67-2001211G014G1.jpg,http://www.005.tv/uploads/allimg/200121/67-2001211G0231U.jpg,http://www.005.tv/uploads/allimg/200121/67-2001211G0322X.jpg,http://www.005.tv/uploads/allimg/200121/67-2001211G041963.jpg,http://www.005.tv/uploads/allimg/200121/67-2001211G049618.jpg,http://www.005.tv/uploads/allimg/200121/67-2001211G059B7.jpg,http://www.005.tv/uploads/allimg/200121/67-2001211G10Q24.jpg,http://www.005.tv/uploads/allimg/200121/67-2001211G11AT.jpg,http://www.005.tv/uploads/allimg/200121/67-2001211G1242N.jpg,","
                    Phat Company根据电影《游戏人生 零》的天翼种吉普莉尔制作的1/7比例手办目前已经开订了。本作采用了小版的吉普莉尔的样子。除了手办本体外，还有休比的小手办。休比的小手办还配有台词效果的配件。手办预计将于2021年1月31日发售，售价21010日元，约合人民币1316元。
<div style='text-align: center;'>
	#image#<br/>
	#image#<br/>
	#image#<br/>
	#image#<br/>
	#image#<br/>
	#image#<br/>
	#image#<br/>
	#image#<br/>
	#image#<br/>
	#image#</div>

                ",http://www.005.tv/2020/80212.html,http://www.005.tv/zx/list_526_3.html,2020-03-09 22:55:08
小坂泰之原作动画《放学后海堤日记》主宣图公开,2020-01-21 16:40,"http://www.005.tv/uploads/allimg/200121/67-2001211F502148.jpg,http://www.005.tv/uploads/allimg/200121/67-2001211F52X25.jpg,http://www.005.tv/uploads/allimg/200121/67-2001211F53TF.jpg,http://www.005.tv/uploads/allimg/200121/67-2001211F54X51.jpg,http://www.005.tv/uploads/allimg/200121/67-2001211F55R05.jpg,http://www.005.tv/uploads/allimg/200121/67-2001211F60S60.jpg,http://www.005.tv/uploads/allimg/200121/67-2001211F61K33.jpg,http://www.005.tv/uploads/allimg/200121/67-2001211F62ML.jpg,http://www.005.tv/uploads/allimg/200121/67-2001211F63T53.jpg,http://www.005.tv/uploads/allimg/200121/67-2001211F64G07.jpg,","
                    根据小坂泰之原作制作的TV动画《放学后海堤日记》公开了主宣传图。在这次的宣传图中，可以看到享受着钓鱼的海堤部的成员们。另外，本作还将和以美化钓鱼环境为目标的“LOVE BLUE”联动。
<div style='text-align: center;'>
	#image#</div>
<div>
	《放学后海堤日记》的原作是一部以主人公阳渚等4名女高中生为中心的钓鱼主题漫画。以升学到高中为契机搬到了临海街道的主人公阳渚，在散步时偶然与黑岩学姐相遇并加入海堤部。在这个迷之海堤部中，她与伙伴们开始了钓鱼、吃鱼、享受海之魅力的日常生活。</div>
<div style='text-align: center;'>
	#image#<br/>
	#image#<br/>
	#image#<br/>
	#image#<br/>
	#image#<br/>
	#image#<br/>
	#image#<br/>
	#image#<br/>
	#image#</div>
<div>
	本作动画将由动画工房负责制作，大隈孝晴担任导演，志茂文彦负责编剧，熊谷胜弘担任角色设计。高尾奏音、川井田夏海、篠原侑、明坂聪美等声优参与配音。作品预计将于2020年4月开始播出。</div>

                ",http://www.005.tv/2020/80211.html,http://www.005.tv/zx/list_526_3.html,2020-03-09 22:55:08
以2020年为背景！动画《数码宝贝：》公开PV 20年4月开播,2020-01-21 16:30,"http://www.005.tv/uploads/allimg/200121/67-200121163410Y7.jpg,","
                    TV动画《数码宝贝》的完全新作《数码宝贝：》共开了一段PV视频。正如之前偷跑的消息，本作预计将于2020年4月开始播出。
<div style='text-align: center;'>
	<iframe frameborder='0' height='498' scrolling='no' src='https://v.qq.com/txp/iframe/player.html?vid=l3055axlyyo' width='550'></iframe></div>
<div>
	这次的《数码宝贝：》是纪念《数码宝贝》在2019年迎来20周年的动画作品。虽然这次的主人公还是小学5年级的八神太一等人，但舞台却换到了2020年。太一等人将要在互联网技术已经高速发达的今天，与伙伴们重新踏上冒险。</div>
<div style='text-align: center;'>
	#image#</div>
<div>
	 </div>

                ",http://www.005.tv/2020/80209.html,http://www.005.tv/zx/list_526_3.html,2020-03-09 22:55:08
《绝对会变成BL的世界VS绝不想变成BL的男人》广播剧化 4月24日发售,2020-01-21 16:17,"http://www.005.tv/uploads/allimg/200121/67-2001211626291X.jpg,","
                    绀吉创作的漫画《绝对会变成BL的世界VS绝不想变成BL的男人》宣布了将于4月24日发售广播剧的消息。中岛良树、土田玲央和江口拓也将为本作配音。
<div style='text-align: center;'>
	#image#</div>
<div>
	《绝对会变成BL的世界VS绝不想变成BL的男人》讲述了意识到了自己是BL世界的角色的主人公，全力阻止不断袭来的恋爱Flag的搞笑故事。本作在《网络漫画总选举2019》中曾被评选为第4名。在这次的广播剧中，除了收录单行本第一卷的内容外，还将收录由中岛良树演唱的角色歌。</div>

                ",http://www.005.tv/2020/80208.html,http://www.005.tv/zx/list_526_3.html,2020-03-09 22:55:09
《LoveLive！》宣布新企划开始！μ’s新曲PV公开,2020-01-21 15:09,,"
                    在为纪念《LoveLive！》9周年举办的演唱会活动中，宣布了《LoveLive！》新企划开始的消息。有关新企划的更多消息，还将于1月30日的LoveLive! Days LoveLive！综合杂志Vol.05（KADOKAWA）上公开。另外，带有动画的μ’s新曲PV也一并公开。本作预计将于3月25日发售。
<div style='text-align: center;'>
	<iframe frameborder='0' height='498' scrolling='no' src='https://v.qq.com/txp/iframe/player.html?vid=z3054p2h0fo' width='550'></iframe></div>

                ",http://www.005.tv/2020/80207.html,http://www.005.tv/zx/list_526_3.html,2020-03-09 22:55:09
《魔法少女奈叶》宣布新企划开始！,2020-01-21 15:07,"http://www.005.tv/uploads/allimg/200121/67-200121150J5W5.jpg,","
                    在《魔法少女奈叶》演唱会上，宣布了《魔法少女奈叶》新企划开始的消息，有关新企划的更多详细消息还将于日后公开。
<div style='text-align: center;'>
	#image#</div>

                ",http://www.005.tv/2020/80206.html,http://www.005.tv/zx/list_526_3.html,2020-03-09 22:55:09
2020年漫画大奖提名12部作品公开,2020-01-21 14:59,"http://www.005.tv/uploads/allimg/200121/67-20012115010VQ.jpg,http://www.005.tv/uploads/allimg/200121/67-20012115012I04.jpg,http://www.005.tv/uploads/allimg/200121/67-20012115014B37.jpg,http://www.005.tv/uploads/allimg/200121/67-200121150204123.jpg,http://www.005.tv/uploads/allimg/200121/67-200121150225926.jpg,http://www.005.tv/uploads/allimg/200121/67-2001211502464C.jpg,http://www.005.tv/uploads/allimg/200121/67-200121150305962.jpg,http://www.005.tv/uploads/allimg/200121/67-200121150325209.jpg,http://www.005.tv/uploads/allimg/200121/67-200121150342125.jpg,http://www.005.tv/uploads/allimg/200121/67-200121150402596.jpg,http://www.005.tv/uploads/allimg/200121/67-200121150423947.jpg,http://www.005.tv/uploads/allimg/200121/67-2001211504442Y.jpg,","
                    漫画大奖2020公开了提名的12部作品。本次评奖是由以书店员为中心的评委，评选一年当中令人眼前一亮的漫画的评奖，今年是第十三次。评选范围为2019年1月1日至12月31日发售的最大卷数8卷的漫画作品。
<div style='text-align: center;'>
	#image#</div>
<div>
	以下是入选作品的名单：<br/>
	间谍过家家</div>
<div style='text-align: center;'>
	#image#<br/>
	在明天死亡……<br/>
	#image#<br/>
	跃动青春<br/>
	#image#<br/>
	我心中的野兽<br/>
	#image#<br/>
	听着这电波<br/>
	#image#<br/>
	水流向海<br/>
	#image#<br/>
	勿言推理<br/>
	#image#<br/>
	电锯人<br/>
	#image#<br/>
	幕结<br/>
	#image#<br/>
	他国日记<br/>
	#image#<br/>
	蓝色休止符<br/>
	#image#<br/>
	对你上头了</div>

                ",http://www.005.tv/2020/80205.html,http://www.005.tv/zx/list_526_3.html,2020-03-09 22:55:10
Key新作手游《Heaven Burns Red》延期决定 2021年开服,2020-01-21 14:57,"http://www.005.tv/uploads/allimg/200121/67-200121145J6263.jpg,","
                    根据Key的官方消息，原定于2020年开服的手机游戏《Heaven Burns Red》将延期到2021年开服。原定于2月28日举办的制作发表会一并延期，原定每月公开的麻枝准的乐曲也暂定公开。
<div style='text-align: center;'>
	#image#</div>
<div>
	手机游戏《Heaven Burns Red》是由WFS和Visual Art&#39;s合作制作，麻枝准负责原案、主线剧情和音乐制作，ゆーげん负责角色设计，Na-Ga、ふむゆん、まろやか负责角色原案的作品。游戏类型为RPG手游，有关故事内容等消息还将在日后公开。</div>

                ",http://www.005.tv/2020/80204.html,http://www.005.tv/zx/list_526_3.html,2020-03-09 22:55:10
水上悟志新作《尽头的Solte》开始连载,2020-01-21 14:52,"http://www.005.tv/uploads/allimg/200121/67-20012114550a46.jpg,http://www.005.tv/uploads/allimg/200121/67-200121145524M5.jpg,http://www.005.tv/uploads/allimg/200121/67-200121145534232.jpg,http://www.005.tv/uploads/allimg/200121/67-200121145543P1.jpg,http://www.005.tv/uploads/allimg/200121/67-200121145555F4.jpg,","
                    创作过《魂环》等作品的水上悟志，在mag-garden的MAGCOMI上开始了新作《尽头的Solte》的连载。《尽头的Solte》以在大战之后，被“魔法污染”所侵蚀的世界为舞台，讲述了少女Solte的冒险故事。
<div style='text-align: center;'>
	#image#<br/>
	#image#<br/>
	#image#<br/>
	#image#<br/>
	#image#</div>

                ",http://www.005.tv/2020/80203.html,http://www.005.tv/zx/list_526_3.html,2020-03-09 22:55:11
SE“踢自动贩卖机”日煤公开活动现场演示视频,2020-01-21 14:32,"http://www.005.tv/uploads/allimg/200121/67-200121144611261.jpg,http://www.005.tv/uploads/allimg/200121/67-200121144I5103.jpg,http://www.005.tv/uploads/allimg/200121/67-200121144JC31.jpg,","
                    在之前曾为大家介绍过，株式会社SQUARE ENIX于2020年1月20日至26日将举办手机游戏《魔法禁书目录 幻想收束》的体验型特别活动“踢自动贩卖机”。目前本活动已经正式开始，日本媒体公开了现场演示的视频。
<div style='text-align: center;'>
	<iframe frameborder='0' height='498' scrolling='no' src='https://v.qq.com/txp/iframe/player.html?vid=z3055em0uum' width='550'></iframe></div>
<div>
	在这次的活动中，将请体验者们再现原作中御坂美琴在公园踢自动贩卖机的场景。工作人员会在活动时间内，将自动贩卖机形的机器“某电击姬的踢自动贩卖机”设置在东京新宿站Metro Promenade中。体验者踢该机器后，机器会发出电击的声音，并必然会掉下一张原创贴纸。另外还有一定几率，会播出动画演出，并掉下大量贴纸。</div>
<div style='text-align: center;'>
	#image#<br/>
	#image#<br/>
	#image#<br/>
	 </div>

                ",http://www.005.tv/2020/80202.html,http://www.005.tv/zx/list_526_4.html,2020-03-09 22:55:11
庆祝《机动战士高达》40周年制作18米高的可动高达 预计将于10月正式建成,2020-01-21 14:13,"http://www.005.tv/uploads/allimg/200121/67-20012114143H47.jpg,http://www.005.tv/uploads/allimg/200121/67-200121141453K3.jpg,http://www.005.tv/uploads/allimg/200121/67-20012114150O38.jpg,","
                    为纪念人气动画系列《机动战士高达》40周年而制作的18米高高达，在20日举办了概要发布会。在这次的发布会上，公开了展示时的示意图。从图片中可以看到，出于安全考虑，届时后方将有支架支撑，前面的脚手架将拆除。
<div style='text-align: center;'>
	#image#</div>
<div>
	这次的高达全重约25吨，有24个可动关节。不过驾驶舱不能搭乘，需要远程操作。高达预计将在10月1日起在横滨GUNDAM FACTORY YOKOHAMA正式与观众见面。如果想要近距离观看，除了购买门票外，还需要购买GUNDAM‐DOCK TOWER的票。</div>
<div style='text-align: center;'>
	#image#<br/>
	#image#</div>

                ",http://www.005.tv/2020/80201.html,http://www.005.tv/zx/list_526_4.html,2020-03-09 22:55:11
《数码宝贝大冒险》动画预告,2020-01-21 13:41,"http://www.005.tv/uploads/allimg/200121/66-200121134330332.jpg,","
                    东映动画在今天（1月21日）公开了《数码宝贝大冒险》新作TV动画《数码宝贝大冒险：Ψ》的特报预告，从公开的画面中，我们可以看到这次的全新动画还是采用了原来的人设。就连剧情也和之前的非常相似，只是时间来到了2020年。<br/>
<div style='text-align: center;'>
	<iframe frameborder='0' height='498' src='http://player.youku.com/embed/XNDUxNzU3NjM0NA==' width='510'></iframe>　<br/>
	TV动画《数码宝贝大冒险Ψ》将于4月开始每周日早上9点播放。新作动画的故事舞台为2020年，主角为小学5年级的八神太一和亚古兽。</div>
<div style='text-align: center;'>
	#image#</div>

                ",http://www.005.tv/2020/80199.html,http://www.005.tv/zx/list_526_4.html,2020-03-09 22:55:12
《海王》将推出限定3集短篇动画 温子仁担任执行制作人,2020-01-17 10:22,"http://www.005.tv/uploads/allimg/200117/67-20011G02324R1.jpg,http://www.005.tv/uploads/allimg/200117/67-20011G02339223.jpg,","
                    电影《海王》在上映之后深受好评，DC也打算继续拓展这个IP。现在HBO Max流媒体宣布将打造《海王》的短篇动画《海王：亚特兰蒂斯之王》，一共3集，温子仁担任本作的执行制作人。目前还没有确定动画的开播日期，配音阵容也没有公开。
<div style='text-align: center;'>
	#image#</div>
<div>
	这3集动画都是各自独立的故事，剧情从海王夺得了海底王国的王位，开始担任亚特兰蒂斯之王的第一天讲起。他发现他有很多的工作要做，他既要面对地表人带来的各种问题，还要面对同母异父弟弟奥姆王的威胁和挑战，他要向子民证明自己才是王位的不二人选。</div>
<div style='text-align: center;'>
	#image#</div>

                ",http://www.005.tv/2020/80197.html,http://www.005.tv/zx/list_526_4.html,2020-03-09 22:55:12
日本大阪市计划出台限制未成年人使用手机的条例,2020-01-17 10:15,"http://www.005.tv/uploads/allimg/200117/67-20011G01URK.jpg,","
                    在之前曾为大家介绍过，日本香川县为预防网络成瘾与游戏成瘾，推出了限制未成年人使用电脑、手机、游戏机时间的条例草案（<a href='http://www.005.tv/2020/80136.html?1579227512'>戳此查看详情</a>）。就在15日，日本大阪市的市长松井一郎也希望能通过条例限制手机使用时间，对市教委下达了进行讨论的指示。
<div style='text-align: center;'>
	#image#</div>
<div>
	松井一郎在这次的会议上表示，目前，学生逃学的要因之一就是沉迷于手机游戏。如果要是通过条例，限制最晚玩到几点是否可行？虽然只是理念上的东西，但制定成为条例，或许对于减少逃学起到作用。</div>

                ",http://www.005.tv/2020/80196.html,http://www.005.tv/zx/list_526_4.html,2020-03-09 22:55:12
MIMEYOI《猫娘乐园》巧克力与香草1/7比例手办 7月发售,2020-01-16 17:10,"http://www.005.tv/uploads/allimg/200116/67-2001161G1352J.jpg,http://www.005.tv/uploads/allimg/200116/67-2001161G145628.jpg,http://www.005.tv/uploads/allimg/200116/67-2001161G155519.jpg,http://www.005.tv/uploads/allimg/200116/67-2001161G2045G.jpg,http://www.005.tv/uploads/allimg/200116/67-2001161G213231.jpg,http://www.005.tv/uploads/allimg/200116/67-2001161G222346.jpg,http://www.005.tv/uploads/allimg/200116/67-2001161G235648.jpg,http://www.005.tv/uploads/allimg/200116/67-2001161G246106.jpg,http://www.005.tv/uploads/allimg/200116/67-2001161G2554U.jpg,http://www.005.tv/uploads/allimg/200116/67-2001161G304910.jpg,http://www.005.tv/uploads/allimg/200116/67-2001161G314212.jpg,http://www.005.tv/uploads/allimg/200116/67-2001161G332522.jpg,http://www.005.tv/uploads/allimg/200116/67-2001161G341446.jpg,http://www.005.tv/uploads/allimg/200116/67-2001161G352434.jpg,http://www.005.tv/uploads/allimg/200116/67-2001161G401b8.jpg,http://www.005.tv/uploads/allimg/200116/67-2001161G410J8.jpg,","
                    MIMEYOI根据《猫娘乐园》中的巧克力与香草制作的两款赛车女王版1/7比例手办目前已经开订了。这两款手办分别采用了猫娘痛车中的巧克力与香草的形象，可以同时摆放在一起。两款手办预计都将于2020年7月发售，每款售价15950日元，约合人民币999元。
<div style='text-align: center;'>
	#image#<br/>
	#image#<br/>
	#image#<br/>
	#image#<br/>
	#image#<br/>
	#image#<br/>
	#image#<br/>
	#image#<br/>
	#image#<br/>
	#image#<br/>
	#image#<br/>
	#image#<br/>
	#image#<br/>
	#image#<br/>
	#image#<br/>
	#image#</div>

                ",http://www.005.tv/2020/80195.html,http://www.005.tv/zx/list_526_4.html,2020-03-09 22:55:13
Vtuber斗和kiseki众筹的脑袋制作完成！造价1200万日元 可变换表情,2020-01-16 17:04,"http://www.005.tv/uploads/allimg/200116/67-2001161F64cO.jpg,http://www.005.tv/uploads/allimg/200116/67-2001161FAS14.jpg,http://www.005.tv/uploads/allimg/200116/67-2001161FFNL.jpg,","
                    在之前曾为大家介绍过，Vtuber“斗和kiseki”为了能在照片墙（Instagram）上投稿，决定通过众筹制作一个特别有真实感的头。目前，之前承诺的脑袋已经制作完成，总制作费用为1204万1492日元。
<div style='text-align: center;'>
	<iframe frameborder='0' height='498' scrolling='no' src='https://v.qq.com/txp/iframe/player.html?vid=j305262ldhb' width='550'></iframe></div>
<div>
	这次的脑袋是由Cygames监修自由廊制作的，再现了真是皮肤的质感。头发在用了来自中国的假发。搭载了9种不同的语音，口部可以张开，舌头等部位也进行了细致的还原。通过巨大的遥控器，可以实现播放语音，变换表情，控制视线等功能。</div>
<div style='text-align: center;'>
	#image#<br/>
	#image#<br/>
	#image#</div>

                ",http://www.005.tv/2020/80194.html,http://www.005.tv/zx/list_526_4.html,2020-03-09 22:55:13
再现御坂美琴名场景！SE举办踢自动售货机的体验型特别活动,2020-01-16 15:24,"http://www.005.tv/uploads/allimg/200116/67-20011615261X10.jpg,http://www.005.tv/uploads/allimg/200116/67-200116152635B4.jpg,http://www.005.tv/uploads/allimg/200116/67-200116152AVG.jpg,http://www.005.tv/uploads/allimg/200116/67-200116152FaY.jpg,http://www.005.tv/uploads/allimg/200116/67-200116152G9559.jpg,http://www.005.tv/uploads/allimg/200116/67-200116152I09A.jpg,http://www.005.tv/uploads/allimg/200116/67-200116152J0107.jpg,http://www.005.tv/uploads/allimg/200116/67-200116152K1516.jpg,http://www.005.tv/uploads/allimg/200116/67-200116152P1238.jpg,http://www.005.tv/uploads/allimg/200116/67-200116152Q1A0.jpg,http://www.005.tv/uploads/allimg/200116/67-200116152RCL.jpg,http://www.005.tv/uploads/allimg/200116/67-200116152SMX.jpg,http://www.005.tv/uploads/allimg/200116/67-200116152TS23.jpg,http://www.005.tv/uploads/allimg/200116/67-200116152UR39.jpg,","
                    株式会社SQUARE ENIX将于2020年1月20日至26日举办手机游戏《魔法禁书目录 幻想收束》的体验型特别活动“踢自动贩卖机”。
<div style='text-align: center;'>
	#image#</div>
<div>
	在这次的活动中，将请体验者们再现原作中御坂美琴在公园踢自动贩卖机的场景。工作人员会在活动时间内，将自动贩卖机形的机器“某电击姬的踢自动贩卖机”设置在东京新宿站Metro Promenade中。体验者踢该机器后，机器会发出电击的声音，并必然会掉下一张原创贴纸。另外还有一定几率，会播出动画演出，并掉下大量贴纸。</div>
<div style='text-align: center;'>
	#image#<br/>
	#image#<br/>
	#image#<br/>
	#image#<br/>
	#image#<br/>
	#image#<br/>
	#image#<br/>
	#image#<br/>
	#image#<br/>
	#image#<br/>
	#image#<br/>
	#image#<br/>
	#image#</div>

                ",http://www.005.tv/2020/80193.html,http://www.005.tv/zx/list_526_4.html,2020-03-09 22:55:13
动画电影《姜子牙》曝终极海报 众神之长浴火而来 建议8岁以上观看,2020-01-16 15:21,"http://www.005.tv/uploads/allimg/200116/67-200116152204S6.jpg,","
                    国产动画电影《姜子牙》在今天（1月16日），公开了终极海报（上篇），图中的姜子牙骑乘四不像浴火而来，并配文字“为信念活，为苍生战。誓守初心，力护三界。四年打磨，破势而出。众神之长，浴火而来！”整体给人一种十分恢弘的气势。
<div style='text-align: center;'>
	#image#</div>
<div>
	《姜子牙》的终极海报中还有温馨提示，建议8岁以上的观众来观看，哪吒也是跑来打趣：？？？三岁的我又不能看了吗？</div>

                ",http://www.005.tv/2020/80192.html,http://www.005.tv/zx/list_526_4.html,2020-03-09 22:55:14
木村拓哉成《哆啦A梦：大雄的新恐龙》嘉宾声优 3月6日在日本上映,2020-01-16 15:17,"http://www.005.tv/uploads/allimg/200116/67-200116151Q3223.jpg,http://www.005.tv/uploads/allimg/200116/67-200116151R2214.jpg,http://www.005.tv/uploads/allimg/200116/67-200116151923J8.jpg,","
                    《哆啦A梦》剧场版动画每次都会邀请知名演员作为特别嘉宾声优，2020年最新的剧场版《哆啦A梦：大雄的新恐龙》将邀请木村拓哉作为嘉宾声优，他将为剧中以猿的姿态现身的谜样男子配音。这个迷之男子掌握着关键秘密，并一直监视着大雄一行人的形态，还不知道是敌是友。
<div style='text-align: center;'>
	#image#<br/>
	#image#</div>
<div>
	《哆啦A梦：大雄的新恐龙》是哆啦A梦系列的第40部电影，本作与1980年的第1部电影《野比的恐龙》完全不同，从野比与双胞胎恐龙相遇开始、迈出成长进化的第一步，走向全新的冒险。《哆啦A梦：大雄的新恐龙》将于3月6日在日本上映，国内有望引进。</div>
<div style='text-align: center;'>
	#image#</div>

                ",http://www.005.tv/2020/80191.html,http://www.005.tv/zx/list_526_4.html,2020-03-09 22:55:14
《宝可梦：剑/盾》网络动画首集放送 分为7集播出,2020-01-16 14:09,"http://www.005.tv/uploads/allimg/200116/67-200116142945212.jpg,http://www.005.tv/uploads/allimg/200116/67-200116142955306.jpg,http://www.005.tv/uploads/allimg/200116/67-200116143022G9.jpg,http://www.005.tv/uploads/allimg/200116/67-200116150553196.jpg,http://www.005.tv/uploads/allimg/200116/67-200116150601M7.jpg,http://www.005.tv/uploads/allimg/200116/67-200116150609136.jpg,http://www.005.tv/uploads/allimg/200116/67-20011615061W53.jpg,http://www.005.tv/uploads/allimg/200116/67-20011615062C60.jpg,http://www.005.tv/uploads/allimg/200116/67-200116150635553.jpg,","
                    宝可梦官方油管频道今天放送了网络动画《宝可梦：破晓之翼》第一集“信”，一起来欣赏一下。
<div style='text-align: center;'>
	<iframe frameborder='0' height='498' scrolling='no' src='http://player.youku.com/embed/XNDUxMDk4ODA4MA==' width='550'></iframe></div>
<div>
	在动画《破晓之翼》第一集“信”讲述了生活中伽勒尔地区的两位少年汤米和约翰的故事，联盟会长洛兹也在动画中有不少戏份。</div>
<div style='text-align: center;'>
	#image#<br/>
	#image#</div>
<div>
	根据介绍，《破晓之翼》将分为7集播出，每月放送一集，本部动画将讲述伽勒尔地区的年轻人们的故事。敬请关注。<br/>
	<strong>视频画面：</strong></div>
<div style='text-align: center;'>
	<strong>#image#<br/>
	#image#<br/>
	#image#<br/>
	#image#<br/>
	#image#<br/>
	#image#<br/>
	#image#</strong><br/>
	 </div>

                ",http://www.005.tv/2020/80190.html,http://www.005.tv/zx/list_526_4.html,2020-03-09 22:55:15
Experience新作恐怖游戏《尸体混入》众筹超过原定目标达成3000万日元,2020-01-16 13:52,"http://www.005.tv/uploads/allimg/200116/67-20011613532U39.jpg,http://www.005.tv/uploads/allimg/200116/67-200116135343b5.jpg,http://www.005.tv/uploads/allimg/200116/67-20011613540D38.jpg,http://www.005.tv/uploads/allimg/200116/67-20011613541W01.jpg,","
                    制作过《死印》、《NG》等的Experience公司开设的新作恐怖游戏《尸体混入（暂定）》众筹项目目前已经顺利结束了。根据官方介绍，这次众筹共筹集到了超过3000万日元，完成了原定的1500万日元的目标。
<div style='text-align: center;'>
	#image#</div>
<div>
	为了纪念达到3000万日元的目标，将在原定的基础上增加50%收录语音，追加主人公的服装，追加活动CG，追加新角色，实装变更死亡场景表现的系统，制作主题歌，追加前两作联动故事的DLC，小说化，举办线下活动等。</div>
<div style='text-align: center;'>
	#image#</div>
<div>
	《尸体混入（暂定）》的舞台设定在东京都H市近郊的，将要迎来创立100年的私立近卫原学园。在这所学园中，有着每10年会有有死者混入并传播诅咒的传言。就在夏季结束之际，学园内发生了学生离奇死亡的时间。警方经过调查后，认为并非是人为案件。是死者的诅咒的传言，在学生间广为流传了起来。学园理事长为了稳定学园，请了自古以来从事与法事相关工作的九条家进行调查。扮演九条家当主的玩家将作为临时教师，来到学园解开事件的真相。</div>
<div style='text-align: center;'>
	#image#<br/>
	#image#</div>

                ",http://www.005.tv/2020/80189.html,http://www.005.tv/zx/list_526_4.html,2020-03-09 22:55:15
TV动画《在魔王城说晚安》年内开播 动画工房制作,2020-01-16 11:21,"http://www.005.tv/uploads/allimg/200116/67-2001161350122H.jpg,http://www.005.tv/uploads/allimg/200116/67-20011613502N25.jpg,","
                    根据熊之股键次原作制作的TV动画《在魔王城说晚安》宣布了将于2020年年内播出的消息。动画将由动画工房负责制作，山崎光惠担任导演，中村能子担任编剧，菊池爱负责角色设计，水濑祈将为公主梄夜莉丝配音。
<div style='text-align: center;'>
	#image#</div>
<div>
	《在魔王城说晚安》是以人与魔物相争的时代为舞台的奇幻喜剧漫画。讲述了被魔王捕获的公主，在魔王城闲的没事干，自制各种寝具以追求更舒适的睡眠的故事。</div>
<div style='text-align: center;'>
	#image#</div>

                ",http://www.005.tv/2020/80188.html,http://www.005.tv/zx/list_526_4.html,2020-03-09 22:55:15
动画《虫笼的卡伽斯特尔》PV公开 2月6日开播,2020-01-16 11:02,"http://www.005.tv/uploads/allimg/200116/67-20011611131S39.jpg,http://www.005.tv/uploads/allimg/200116/67-200116111334532.jpg,http://www.005.tv/uploads/allimg/200116/67-200116111344245.jpg,","
                    根据桥本花鸟原作制作的动画《虫笼的卡伽斯特尔》将于2月6日在Netflix上播出。主宣传图、PV等一并公开。在宣传图中可以看到主人公木藤、少女伊莉和迷之男性阿哈特三名角色。
<div style='text-align: center;'>
	<iframe frameborder='0' height='498' scrolling='no' src='https://v.qq.com/txp/iframe/player.html?vid=j3052sfbu2u' width='550'></iframe></div>
<div>
	《虫笼的卡伽斯特尔》以一个有着人类会变成巨大昆虫的奇怪疾病“卡伽斯特尔”的世界为舞台的末日动作类作品。讲述了在这个由于“卡伽斯特尔”而崩坏的世界中，作为“驱除专家”狩猎卡伽斯特尔的青年木藤与木藤救下的少女伊莉的冒险故事。</div>
<div style='text-align: center;'>
	#image#</div>
<div>
	本作动画将由Studio KAI负责制作，千明孝一担任导演，山下明彦负责角色设计，神山修一担任编剧。细。谷佳正、花泽香菜、花江夏树等声优将为本作配音。</div>
<div style='text-align: center;'>
	#image#<br/>
	#image#</div>

                ",http://www.005.tv/2020/80187.html,http://www.005.tv/zx/list_526_4.html,2020-03-09 22:55:16
实现和VTuber拉着手约会！Project ToucH公开第一弹研究成果,2020-01-16 10:18,"http://www.005.tv/uploads/allimg/200116/67-200116104J12P.jpg,http://www.005.tv/uploads/allimg/200116/67-200116104P4117.jpg,http://www.005.tv/uploads/allimg/200116/67-200116104R5544.jpg,http://www.005.tv/uploads/allimg/200116/67-200116105120603.jpg,http://www.005.tv/uploads/allimg/200116/67-200116105143559.jpg,","
                    以触摸虚拟角色为主题的研究企划“Project ToucH”公开了第一弹研究成果。通过机器手，可以实现和VTuber拉着手约会。
<div style='text-align: center;'>
	#image#</div>
<div>
	这次的体验会于1月11日举办，体验者前后将播放视频，配合着机器人手，再现出和VTuber响木青一起在灯光大道、神社和鬼屋约会的场景。其中机器人手还再现了与真人的手相近似的温度、柔软度、弹性、水分等方面。</div>
<div style='text-align: center;'>
	#image#</div>
<div>
	根据制作团队介绍，为了追究2次元与3次元之间的更好的融合，目前正在进行第二弹的准备。</div>
<div style='text-align: center;'>
	#image#<br/>
	#image#<br/>
	#image#</div>

                ",http://www.005.tv/2020/80186.html,http://www.005.tv/zx/list_526_4.html,2020-03-09 22:55:16
AZONE《Assault Lily》真岛百由version 1.5娃娃 20年6月发售,2020-01-16 09:54,"http://www.005.tv/uploads/allimg/200116/67-200116101102D8.jpg,http://www.005.tv/uploads/allimg/200116/67-200116101113114.jpg,http://www.005.tv/uploads/allimg/200116/67-200116101121318.jpg,http://www.005.tv/uploads/allimg/200116/67-200116101130F4.jpg,http://www.005.tv/uploads/allimg/200116/67-20011610113b04.jpg,http://www.005.tv/uploads/allimg/200116/67-20011610114I25.jpg,http://www.005.tv/uploads/allimg/200116/67-200116101155336.jpg,http://www.005.tv/uploads/allimg/200116/67-200116101203194.jpg,","
                    AZONE的娃娃系列《Assault Lily》中的真岛百由version 1.5娃娃目前已经开订了。真岛百由是研究开发托付着Lily们的性命的武器“CHARM”的眼镜娘工程师，她目前在白百合女学院高等学校的工厂科就读。真岛百由的首版娃娃发售于2017年8月，这次的version 1.5是为了纪念TV动画将于7月播出而推出的新版。本作预计将于2020年6月发售，售价13200日元，约合人民币826元。
<div style='text-align: center;'>
	#image#<br/>
	#image#<br/>
	#image#<br/>
	#image#<br/>
	#image#<br/>
	#image#<br/>
	#image#<br/>
	#image#</div>

                ",http://www.005.tv/2020/80185.html,http://www.005.tv/zx/list_526_4.html,2020-03-09 22:55:16
动画电影《姜子牙》宣布将在北美上映 定档2月7日 预告公开,2020-01-15 18:18,"http://www.005.tv/uploads/allimg/200115/67-2001151R103154.jpg,http://www.005.tv/uploads/allimg/200115/67-2001151R1111c.jpg,http://www.005.tv/uploads/allimg/200115/67-2001151R120953.jpg,http://www.005.tv/uploads/allimg/200115/67-2001151R12S60.jpg,http://www.005.tv/uploads/allimg/200115/67-2001151R13YF.jpg,http://www.005.tv/uploads/allimg/200115/67-2001151R14GE.jpg,http://www.005.tv/uploads/allimg/200115/67-2001151R15Ec.jpg,http://www.005.tv/uploads/allimg/200115/67-2001151R205932.jpg,","
                    国产动画电影《姜子牙》宣布将会在北美上映，定档时间为2月7日。发行方是《哪吒之魔童降世》的北美发行Well Go USA，同时北美版的预告也公开了，姜子牙将在“初心”与“天命”之间的艰难抉择。<br/>
<strong>动画电影《姜子牙》北美预告：</strong>
<div style='text-align: center;'>
	<iframe frameborder='0' height='498' scrolling='no' src='http://player.youku.com/embed/XNDUwODcxMDYzMg==' width='550'></iframe></div>
<div>
	动画电影《姜子牙》由程腾、李炜执导，将于2020年1月25(大年初一)在中国内地上映。本片讲述了封神大战之后，姜子牙因一时之过被贬下凡间，失去神力，被世人唾弃。为重回昆仑，姜子牙踏上旅途寻回自我的故事。<br/>
	<strong>视频画面：</strong></div>
<div style='text-align: center;'>
	#image#<br/>
	#image#<br/>
	#image#<br/>
	#image#<br/>
	#image#<br/>
	#image#<br/>
	#image#<br/>
	#image#</div>

                ",http://www.005.tv/2020/80184.html,http://www.005.tv/zx/list_526_4.html,2020-03-09 22:55:17
第43届日本电影学院奖公开入围结果,2020-01-15 16:55,"http://www.005.tv/uploads/allimg/200115/67-2001151AF1328.jpg,","
                    本日（15日），第43届日本电影学院奖公开了入围作品名单。
<div style='text-align: center;'>
	#image#</div>
<div>
	在动画作品部门中，长井龙雪导演的《知晓天空之蓝的人啊》，新海诚导演的《天气之子》，永冈智佳导演的《名侦探柯南：绀青之拳》，山崎贵导演的《鲁邦三世 THE FIRST》和大塚隆史导演的《航海王：狂热行动》五部作品入围，获得了优秀动画作品将。<br/>
	在3月6日，第43届日本电影学院奖将公开最终的最优秀奖。最优秀奖将从获得了优秀作品奖的入围作品中选出。</div>

                ",http://www.005.tv/2020/80183.html,http://www.005.tv/zx/list_526_4.html,2020-03-09 22:55:17
NTR本子漫画家就纯爱结局本子使读者失望公开表示道歉,2020-01-15 15:54,"http://www.005.tv/uploads/allimg/200115/67-200115155630404.jpg,http://www.005.tv/uploads/allimg/200115/67-200115155A4553.jpg,http://www.005.tv/uploads/allimg/200115/67-200115155I63W.jpg,http://www.005.tv/uploads/allimg/200115/67-200115155P3333.jpg,http://www.005.tv/uploads/allimg/200115/67-200115155R2344.jpg,http://www.005.tv/uploads/allimg/200115/67-200115155SM25.jpg,http://www.005.tv/uploads/allimg/200115/67-200115160225a0.jpg,http://www.005.tv/uploads/allimg/200115/67-200115160244120.jpg,http://www.005.tv/uploads/allimg/200115/67-200115160254C7.jpg,","
                    在C97上，同人漫画家一宫夕羽发售了NTR新作《巨乳イトコがいる休暇3》。由于在本作中采用了纯爱结局，而且这个结局还是系列的结局，不少喜欢NTR的粉丝纷纷表示不满。甚至还有网友称这是在C97上买的最后悔的一部作品，再也不会期待你画的NTR本子了。
<div style='text-align: center;'>
	#image#</div>
<div>
	面对粉丝们的不满，作者也通过推特表示了歉意，称：本来应该是以NTR完结的作品，因为自己的一时糊涂，导致了在中途大幅度脱线，这也导致了出现肯定派和否定派，我自己也不知道该怎样处理。</div>
<div style='text-align: center;'>
	#image#</div>
<div>
	虽然应该按照在第二部中的后记里也写到的，作为NTR作品来完结。但由于自己的不成熟的判断，导致了这次双方都不满意的结果。既没有NTR也不算纯爱，只是一部不上不下的自我满足的作品。这次的问题在与我自己技术的不足，与对喜欢NTR和喜欢纯爱的读者们的理解的不够。本作背叛了期待着NTR结局的广大读者。在此向大家深表歉意。</div>
<div style='text-align: center;'>
	#image#</div>
<div>
	在之后，将会为本系列创作NTR和纯爱两版本的AfterStory。虽然目前还没有决定以怎样的形式公开，但一定会制作的。另外自己也会在今后强化对NTR的认识，为呈现出能够令读者满意的作品而不断努力，希望大家在今后还可以继续给与支持。</div>
<div style='text-align: center;'>
	#image#<br/>
	#image#<br/>
	#image#<br/>
	#image#<br/>
	#image#<br/>
	#image#<br/>
	 </div>

                ",http://www.005.tv/2020/80182.html,http://www.005.tv/zx/list_526_4.html,2020-03-09 22:55:17
剧场版《名侦探柯南 绯色的子弹》主宣传图公开 4月17日在日本上映,2020-01-15 14:38,"http://www.005.tv/uploads/allimg/200115/67-200115143942315.jpg,http://www.005.tv/uploads/allimg/200115/67-20011514395SJ.jpg,http://www.005.tv/uploads/allimg/200115/67-20011514400R56.jpg,http://www.005.tv/uploads/allimg/200115/67-20011514401NI.jpg,http://www.005.tv/uploads/allimg/200115/67-20011514402GS.jpg,","
                    根据青山刚昌原作制作的剧场版动画《名侦探柯南 绯色的子弹》公开了主宣传图。在这次的宣传图中，可以看到以赤井秀一、世良真纯等的赤井一家，柯南、灰原哀、少年侦探团，以及FBI等多名角色。背景上还有时速1000KM的列车和WSG的主会场等。
<div style='text-align: center;'>
	#image#</div>
<div>
	这次的《名侦探柯南 绯色的子弹》以即将举办四年一度的世界最大的体育盛典“WSG-世界运动大会-”的东京为舞台，讲述大会赞助商被绑架后发生的故事。本作由永冈智佳担任导演，樱井武晴担任编剧，2020年4月17日在日本上映。</div>
<div style='text-align: center;'>
	#image#<br/>
	#image#<br/>
	#image#<br/>
	#image#</div>

                ",http://www.005.tv/2020/80181.html,http://www.005.tv/zx/list_526_4.html,2020-03-09 22:55:18
游戏《最终幻想7》重制版宣布延期 4月10日正式发售,2020-01-15 14:35,"http://www.005.tv/uploads/allimg/200115/67-200115143633O9.jpg,","
                    Square Enix宣布了《最终幻想7》重制版延期发售的消息，原定于3月3日发售的本作，将会在4月10日正式发售。
<div style='text-align: center;'>
	#image#</div>
<div>
	根据游戏制作人北濑佳范透露，目前正在和制作人员们一起锐意开发《最终幻想7》重制版。为了能以最好的形式先给广大玩家，我们需要用更多的时间进行最后的调整，所以决定将发售日期调整为4月10日。在此对广大期待本作的玩家表示歉意，希望大家能再等待一段时间。</div>

                ",http://www.005.tv/2020/80180.html,http://www.005.tv/zx/list_526_5.html,2020-03-09 22:55:18
游戏《生化危机Re：3》公开新PV！游戏模式将改动,2020-01-15 14:27,"http://www.005.tv/uploads/allimg/200115/67-2001151431411b.jpg,http://www.005.tv/uploads/allimg/200115/67-2001151431511Q.jpg,http://www.005.tv/uploads/allimg/200115/67-200115143201637.jpg,http://www.005.tv/uploads/allimg/200115/67-200115143211K9.jpg,http://www.005.tv/uploads/allimg/200115/67-200115143221564.jpg,http://www.005.tv/uploads/allimg/200115/67-2001151432312c.jpg,http://www.005.tv/uploads/allimg/200115/67-200115143241439.jpg,http://www.005.tv/uploads/allimg/200115/67-200115143250430.jpg,http://www.005.tv/uploads/allimg/200115/67-200115143300961.jpg,","
                    预计于2020年4月3日发售的《生化危机Re：3》（PC / PlayStation 4 / Xbox One）公开了第二弹宣传视频，在这段视频中可以看到追杀吉尔的追击者等。
<div style='text-align: center;'>
	<iframe frameborder='0' height='498' scrolling='no' src='https://v.qq.com/txp/iframe/player.html?vid=k3051jcrftg' width='550'></iframe></div>
<div>
	根据之前的采访，这次《生化危机Re：3》的发售时间虽然距离《生化危机Re：2》很短，但由于是在之前就已经开始制作，所以目前基本上已经制作完成，不会进行延期。另外在本作中将不再保留《生化危机3》中的“危机选择模式”和“佣兵模式”，“紧急回避系统”也将有一部分改动。</div>
<div style='text-align: center;'>
	#image#<br/>
	#image#<br/>
	#image#<br/>
	#image#<br/>
	#image#<br/>
	#image#<br/>
	#image#<br/>
	#image#<br/>
	#image#</div>

                ",http://www.005.tv/2020/80179.html,http://www.005.tv/zx/list_526_5.html,2020-03-09 22:55:19
《FGO》黑贞德战斗手办 手持长剑气势十足 2021年1月发售,2020-01-15 11:09,"http://www.005.tv/uploads/allimg/200115/67-200115113I5439.jpg,http://www.005.tv/uploads/allimg/200115/67-200115113K1245.jpg,http://www.005.tv/uploads/allimg/200115/67-200115113PBb.jpg,http://www.005.tv/uploads/allimg/200115/67-200115113R1C3.jpg,http://www.005.tv/uploads/allimg/200115/67-200115113SJB.jpg,http://www.005.tv/uploads/allimg/200115/67-200115113TA34.jpg,http://www.005.tv/uploads/allimg/200115/67-200115113U5938.jpg,http://www.005.tv/uploads/allimg/200115/67-200115113Z5445.jpg,http://www.005.tv/uploads/allimg/200115/67-200115113914536.jpg,","
                    《Fate Grand Order》中的各个角色都是深受粉丝的喜爱，各种手办周边也是一直推出。现在一款超级精美的黑贞德手办即将推出，采用了黑贞德全力迎战的形象，整体效果帅气无比。黑贞德手持长剑和战矛，面带邪魅的笑容，姿态霸气但不失优雅，实在是太棒了。
<div style='text-align: center;'>
	#image#<br/>
	#image#</div>
<div>
	《Fate Grand Order》1/7 Avenger/贞德[alter]手办高约46cm，将于1月15日开订。售价为34650日元(含税，约为人民币2170元)，预计将于2021年1月发售。</div>
<div style='text-align: center;'>
	#image#<br/>
	#image#<br/>
	#image#<br/>
	#image#<br/>
	#image#<br/>
	#image#<br/>
	#image#</div>

                ",http://www.005.tv/2020/80176.html,http://www.005.tv/zx/list_526_5.html,2020-03-09 22:55:19
中国留学生因涉嫌伪造自卫官证被捕！自称是为了COS并非自己伪造,2020-01-15 10:57,"http://www.005.tv/uploads/allimg/200115/67-200115110220232.jpg,http://www.005.tv/uploads/allimg/200115/67-20011511023SZ.jpg,http://www.005.tv/uploads/allimg/200115/67-200115110302344.jpg,http://www.005.tv/uploads/allimg/200115/67-20011511033Y28.jpg,","
                    中国留学生因涉嫌伪造自卫官证被捕！自称是为了COS
<div style='text-align: center;'>
	#image#</div>
<div>
	警方称犯罪嫌疑人王诗超在去年8月，曾于同伙共谋伪造自卫官证件。在去年10月的时候，警官在日常巡逻时，在其随身物品中，发现了该伪造证件。证件上贴有犯罪嫌疑人的照片，姓名处写有虚构的假名。不过自卫队表示，此人并没有进入过任何自卫队相关设施。</div>
<div style='text-align: center;'>
	#image#</div>
<div>
	根据犯罪嫌疑人交代，自己是为了Cosplay才带着这张伪造的自卫官证的。而且该证是找别人制作的，并非是自己进行伪造。</div>
<div style='text-align: center;'>
	#image#<br/>
	#image#</div>

                ",http://www.005.tv/2020/80175.html,http://www.005.tv/zx/list_526_5.html,2020-03-09 22:55:19
真人版《月刊少女》改名《夏日烟火》？男女主角改名 内容追加,2020-01-15 10:36,"http://www.005.tv/uploads/allimg/200115/67-200115103P5P9.jpg,http://www.005.tv/uploads/allimg/200115/67-200115103R5223.jpg,http://www.005.tv/uploads/allimg/200115/67-200115103Z1139.jpg,","
                    在之前曾为大家介绍过，由灿星传媒成立的灿星影视将负责拍摄漫画《月刊少女野崎君》的真人剧的消息。在2019年4月，灿星影视虽然已经申报过一次本作的拍摄备案，但就在广电总局新公开的备案公示表中，灿星影视再次进行了新的备案。
<div style='text-align: center;'>
	#image#</div>
<div>
	从新的备案中可以看到，新备案的内容与之前基本相同。不过剧名从之前的《月刊少女》改为了《夏日烟火》。男女主的名字分别从陆也奇和千黛，改为了史大可和罗曼曼。在最后追加了大四毕业后的一部分内容。另外作品的长度也从24集加长到了40集。</div>
<div style='text-align: center;'>
	#image#</div>
<div style='text-align: center;'>
	上图为以前的备案</div>
<div>
	不过在这次修改后，单独看新的备案内容，貌似已经联想不到《月刊少女野崎君》的原作了……</div>
<div style='text-align: center;'>
	#image#</div>

                ",http://www.005.tv/2020/80174.html,http://www.005.tv/zx/list_526_5.html,2020-03-09 22:55:20
又让我送礼，真的一点儿都没有了,2020-01-14 17:59,"http://www.005.tv/uploads/allimg/200114/66-2001141P02Sa.jpg,http://www.005.tv/uploads/allimg/200114/66-2001141P053543.jpg,http://www.005.tv/uploads/allimg/200114/66-2001141P1243K.jpg,http://www.005.tv/uploads/allimg/200114/66-2001141P1531D.jpg,","
                    没错，小煲又来送礼啦~<br/>
#image#<br/>
随着2020ChinaJoy Cosplay封面大赛正式开战！小煲也来为各位coser、摄影、后期注入新的能量，送出丰厚的礼品~<br/>
小煲在微博等你哦~比心~<br/>
#image#<br/>
对了，忘记说一个更重要的事情~2020年！ChinaJoy Cosplay封面大赛！！正式开启“洛裳华服专项奖”！！！<br/>
喜欢华服、LOLITA的小姐姐小哥哥们千万不要错过哦。小声说：奖金也是超级诱人呢~<br/>
#image#<br/>
新的一年让我们一起甩掉拖延症，奥利给！外景走起~照片修起来~小煲在封面大赛等着大家~<br/>
<br/>
了解更多玩法，您可以添加ChinaJoy Cosplay官方微博/微信了解更多活动讯息：<br/>
#image#<br/>
更多信息敬请关注：<br/>
官方微博号码：@ChinaJoy次元煲<br/>
官方微信号码：CJ_Cosplay（或搜索“CJCosplay嘉年华”）<br/>
ChinaJoy Cosplay次元煲官方网站： http://www.c3online.com.cn
                ",http://www.005.tv/2020/80173.html,http://www.005.tv/zx/list_526_5.html,2020-03-09 22:55:20
miHoYo新作游戏《原神》宣布登陆NS平台 PV公开,2020-01-14 16:58,"http://www.005.tv/uploads/allimg/200114/67-2001141F506307.jpg,","
                    miHoYo在本日（14日）宣布了原定在PS4、PC、手机平台推出的游戏《原神》，将要登陆Nintendo Switch的消息，一段PV也一并公开。
<div style='text-align: center;'>
	<iframe frameborder='0' height='498' scrolling='no' src='https://v.qq.com/txp/iframe/player.html?vid=t3051cqtwg3' width='550'></iframe></div>
<div>
	《原神》的故事以名为“提瓦特”的幻想大陆为舞台，玩家将作为“旅行者”一边在未知的世界展开冒险，一边与性格和能力都不同的伙伴们相遇。在与强敌展开战斗的同时，找回失散的亲人。</div>
<div style='text-align: center;'>
	#image#</div>
<div>
	本作的发售时间依旧未定。</div>

                ",http://www.005.tv/2020/80172.html,http://www.005.tv/zx/list_526_5.html,2020-03-09 22:55:20
gi-no页游《Code Chronice》开服,2020-01-14 16:49,"http://www.005.tv/uploads/allimg/200114/67-2001141A04BF.jpg,http://www.005.tv/uploads/allimg/200114/67-2001141A131340.jpg,http://www.005.tv/uploads/allimg/200114/67-2001141A1524M.jpg,http://www.005.tv/uploads/allimg/200114/67-2001141A214324.jpg,http://www.005.tv/uploads/allimg/200114/67-2001141A22b10.jpg,","
                    gi-no在本日（14日）推出了一款PC平台网页游戏《Code Chronice》。在本作中玩家引领主人公们用代码组成的魔法展开冒险。
<div style='text-align: center;'>
	#image#</div>
<div>
	游戏的舞台是自然资源丰富，和平安稳的王国“paiza”。身为魔法使的王女艾蕾娜在17岁的时候，被父王要求和青梅竹马的剑士利卡路德与侍奉王家的圣兽珀鲁塔一起，踏上寻找自古传承下来的王家秘传魔导书的旅程……</div>
<div style='text-align: center;'>
	#image#</div>
<div>
	本作是一款一般学习编程一边练习编程的RPG游戏，对应Python，PHP，Ruby三种语言。游戏中的任务是以编程的形式展开的。由于游戏主要面向新手，所以题目相对简单，第一章就是对在窗体中输出文字的练习。如果毫无基础也没有关系，在挑战任务前，还可以选择观看一段3分钟左右的教学视频。视频中除了会讲解对应的编程方法，还会强调一些容易犯错误的地方。</div>
<div style='text-align: center;'>
	#image#</div>
<div>
	在完成任务后，除了会解锁新的任务外，还会根据作答的时间等奖励玩家金币、钻石等可以用于抽卡的道具。通过抽卡系统，可以抽到有着各种技能的一起冒险的同伴。稀有度越高，持有的技能越好。</div>
<div style='text-align: center;'>
	#image#<br/>
	#image#</div>

                ",http://www.005.tv/2020/80171.html,http://www.005.tv/zx/list_526_5.html,2020-03-09 22:55:21
《迷你世界》跨界变形金刚，大黄蜂来袭！,2020-01-14 16:30,"http://www.005.tv/uploads/allimg/200114/66-200114163225b9.jpg,http://www.005.tv/uploads/allimg/200114/66-200114163405Q6.jpg,http://www.005.tv/uploads/allimg/200114/66-200114163520c0.jpg,http://www.005.tv/uploads/allimg/200114/66-200114163525Z5.jpg,http://www.005.tv/uploads/allimg/200114/66-200114163G3620.jpg,","
                    《迷你世界》变形金刚授权皮肤自上线以来大受欢迎，威震天与擎天柱各自圈粉无数。许多没有接触过《变形金刚》动画的小玩家们，通过《迷你世界》中的变形皮肤体验到了变形金刚的魅力，希望在《迷你世界》中看到更多来自塞伯坦的神奇机械生命。因应粉丝们的热烈呼唤，擎天柱的忠诚伙伴紧随领袖脚步，登陆《迷你世界》。
<div style='text-align: center;'>
	#image#</div>
<strong>蜂驰电掣，超人气“小个子”魅力无限</strong><br/>
大黄蜂皮肤外观的设计风格延续了擎天柱与威震天皮肤的硬朗线条感，而全身鲜亮跳脱的黄色则宣示着他的个性。在擎天柱与威震天变形皮肤发布时，大黄蜂亮眼的形象设计就已在游戏内的LOADING页面中作为彩蛋出现，立即牵动了眼尖的变形金刚粉丝们的心。
<div style='text-align: center;'>
	#image#</div>
大黄蜂作为侦查兵，武力并不是他的优势，在与狂派的交战中屡屡负伤;但他从不放弃，每次都能牢牢地保护住他的人类朋友。忠诚可靠，勇敢又亲切的大黄蜂，一直拥有庞大的粉丝基础。本次登陆《迷你世界》，势必再次掀起一波“变形金刚”热。<br/>
基于角色的特性，本次登陆《迷你世界》的大黄蜂变身后并没有主动攻击或防御的技能;而是围绕大黄蜂“灵动”的特点，设计了加速技能，造就了《迷你世界》至今唯一一个拥有直线加速技能的皮肤。汽车形态下的大黄蜂加速时尾灯添加了炫丽的光柱特效，这一抹闪电般的黄出现时，没有人会错过它的身影。相信在可预见的未来中，大黄蜂这一特殊的技能一定将会在《迷你世界》各大玩法地图里大放异彩，激发玩法作者的新灵感。<br/>
<strong>人气角色陆续登场，变形金刚与《迷你世界》的故事未完待续</strong><br/>
擎天柱与威震天的成功探索，为后续更多变形金刚入驻《迷你世界》铺平了道路。众所周知，沙盒平台以其自由开放的世界吸引了无数在游戏内挥洒创意的玩家;而他们表达对皮肤喜爱的方式，就是带着它去闯荡世界，创造新的故事。目前在视频网站搜索“迷你世界 变形金刚”，相关视频超过百万条。在他们的剧本里，擎天柱可以无限分裂，可以变成风车;双排闯关偶遇同款皮肤，还能同场尬舞……更有玩家参考变形金刚的世界观打造出了以生存为核心玩法的游戏地图，创造了一片属于他们自己的变形宇宙。
<div style='text-align: center;'>
	#image#</div>
<div style='text-align: center;'>
	#image#</div>
创作者们的热爱和无穷创意，为变形金刚IP的传播注入了新鲜的动力。当大黄蜂携独一无二的加速技能进入《迷你世界》，这群创作者们又将获得新鲜的创作灵感和素材。有了针对前一批变形皮肤的背景了解和创作经验，以大黄蜂为主角的花式素材攻占各大平台只是时间问题。
<div style='text-align: center;'>
	#image#</div>
变形金刚与《迷你世界》的故事未完待续，大黄蜂以后，还将会有哪位经典角色登场?2020年，期待《迷你世界》与变形金刚携手带来更多惊喜。<br/>
<br/>

                ",http://www.005.tv/2020/80170.html,http://www.005.tv/zx/list_526_5.html,2020-03-09 22:55:21
寿屋《普通攻击是全体二连击的妈妈你喜欢吗》大好真真子手办 20年6月发售,2020-01-14 15:39,"http://www.005.tv/uploads/allimg/200114/67-20011415423MV.jpg,http://www.005.tv/uploads/allimg/200114/67-200114154252960.jpg,http://www.005.tv/uploads/allimg/200114/67-20011415430TQ.jpg,http://www.005.tv/uploads/allimg/200114/67-20011415431JI.jpg,http://www.005.tv/uploads/allimg/200114/67-20011415432J62.jpg,http://www.005.tv/uploads/allimg/200114/67-20011415433M34.jpg,http://www.005.tv/uploads/allimg/200114/67-20011415434T00.jpg,http://www.005.tv/uploads/allimg/200114/67-200114154402323.jpg,http://www.005.tv/uploads/allimg/200114/67-200114154414D5.jpg,http://www.005.tv/uploads/allimg/200114/67-20011415442B54.jpg,","
                    寿屋根据《普通攻击是全体二连击，这样的妈妈你喜欢吗？》中的女主角大好真真子制作的1/7比例手办目前已经开订了。本作再现了大好真真子身着白色长裙佩戴着两把战斗用的剑时的样子。手办预计将于2020年6月发售，售价17380日元，约合人民币1084元。<br/>
<div style='text-align: center;'>
	#image#<br/>
	#image#<br/>
	#image#<br/>
	#image#<br/>
	#image#<br/>
	#image#<br/>
	#image#<br/>
	#image#<br/>
	#image#<br/>
	#image#</div>
<div style='text-align: center;'>
	 </div>

                ",http://www.005.tv/2020/80168.html,http://www.005.tv/zx/list_526_5.html,2020-03-09 22:55:21
索尼SIE宣布依旧不参加今年的E3,2020-01-14 11:39,"http://www.005.tv/uploads/allimg/200114/67-200114134042U5.jpg,","
                    在接受海外媒体GameIndustry的采访时，日本索尼互动娱乐（SIE）宣布了与去年相同，今年依旧不参加E3展会。
<div style='text-align: center;'>
	#image#</div>
<div>
	对于这次不参加E3的原因，SIE表示：E3在本质上是一场面向业界相关人士的展会，这与公司的“让粉丝觉得自己是PS家族的一员，享受喜欢的游戏”的宗旨不同。虽然不参加E3，但会在许多面向一般消费者的活动中出展。</div>

                ",http://www.005.tv/2020/80164.html,http://www.005.tv/zx/list_526_5.html,2020-03-09 22:55:21
韩国政府部门宣传画紧急撤下 抄袭哆啦A梦遭网友痛批,2020-01-14 11:24,"http://www.005.tv/uploads/allimg/200114/67-20011411252CA.jpg,http://www.005.tv/uploads/allimg/200114/67-200114112541a6.jpg,","
                    现在很多政府部门在做宣传的时候会采用动漫的形象来宣传，不过在动漫形象的选择问题上如果不够谨慎可能会出比较大的问题。近日韩国的一个政府部门公开了最新宣传画，采用了一个黄色的动漫形象来宣传周边国家祝贺新年的美食，但是大家一眼就看出这个动漫角色和哆啦A梦十分的相似，也是被韩国网友吐槽抄袭。
<div style='text-align: center;'>
	#image#</div>
<div>
	韩国政府机关“食品医药品安全处(MFDS)”，在1月6日在SNS上推出了最新企划宣，介绍周边国家，例如日本、中国、东南亚各国的新年传统美食。其中的动漫形象一推出即招来各方非议，实在是太像哆啦A梦了，而且旁边的任意门也是神似。韩国网友们纷纷痛批政府部门抄袭哆啦A梦，仅仅挂了一天就被永久撤下，食品医药品安全处则致歉表示今后将更加谨慎的选题。</div>
<div style='text-align: center;'>
	#image#</div>

                ",http://www.005.tv/2020/80162.html,http://www.005.tv/zx/list_526_5.html,2020-03-09 22:55:22
《一拳超人》167话：埼玉闪光搭上前往地下的“直通车”,2020-01-14 10:28,"http://www.005.tv/uploads/allimg/200114/67-200114111940619.jpg,http://www.005.tv/uploads/allimg/200114/67-200114111949544.jpg,http://www.005.tv/uploads/allimg/200114/67-2001141119592V.jpg,http://www.005.tv/uploads/allimg/200114/67-2001141120105P.jpg,http://www.005.tv/uploads/allimg/200114/67-2001141120332L.jpg,http://www.005.tv/uploads/allimg/200114/67-200114112041C8.jpg,http://www.005.tv/uploads/allimg/200114/67-200114112050348.jpg,http://www.005.tv/uploads/allimg/200114/67-200114112104Y8.jpg,http://www.005.tv/uploads/allimg/200114/67-200114112134195.jpg,http://www.005.tv/uploads/allimg/200114/67-200114112143463.jpg,http://www.005.tv/uploads/allimg/200114/67-200114112151124.jpg,http://www.005.tv/uploads/allimg/200114/67-20011411215a93.jpg,","
                    《一拳超人》167话公开，各位英雄们都在各自的道路上前进，吹雪、邦古兄弟碰到了赶往大眼囧那里的波奇。吹雪以为老年人已经不能打了，想要拼命挡住攻击。不过银色獠牙不是白叫的，而且师兄也不是等闲之辈，两人联手直接将波奇打飞。
<div style='text-align: center;'>
	#image#<br/>
	#image#<br/>
	#image#<br/>
	#image#</div>
<div>
	吹雪在见到这两个人的实力之后决定要好好拉拢，这时候波奇再次站了起来。邦古随便的抱怨：就不能乖乖的“坐下”对波奇产生了效果，波奇直接坐下，让大家都很吃惊。看来之前埼玉的教育有成效了。另一边，龙卷发现了吹雪的力量痕迹，妹控属性上线。而埼玉还和闪光在一起，他们已经搭上了前往地下的“直通车”。</div>
<div style='text-align: center;'>
	#image#<br/>
	#image#<br/>
	#image#<br/>
	#image#</div>
<div>
	闪光他们抓住了一个小怪，让它带路去找直接找“怪人王”。这个小怪开始还十分有气势的想要将矿车开下悬崖，拉上闪光和埼玉一起死（想太多），不过看到高度立马害怕了，想要之后再说。不知道这矿车会把他们带到哪里，反正碰到他们的怪人一定会倒霉就是了。</div>
<div style='text-align: center;'>
	#image#<br/>
	#image#<br/>
	#image#<br/>
	#image#</div>

                ",http://www.005.tv/2020/80161.html,http://www.005.tv/zx/list_526_5.html,2020-03-09 22:55:22
漫画《22/7+α》开始连载！补充动画的原创故事,2020-01-14 09:43,"http://www.005.tv/uploads/allimg/200114/67-200114102456203.jpg,http://www.005.tv/uploads/allimg/200114/67-2001141025125M.jpg,","
                    葛西尚创作的漫画《22/7+α》于12日开始在sunday webry（小学馆）上连载了。
<div style='text-align: center;'>
	#image#</div>
<div>
	《22/7+α》是“数字声优偶像企划”22/7的漫画化作品。内容是补充从1月开始播出的TV动画的原创故事。宫岛礼吏负责故事原案，企划制作人秋元康也以企划协力的身份参加创作。在公开的第一话中，可以看到泷川美羽的中学时代的样子。</div>
<div style='text-align: center;'>
	#image#<br/>
	 </div>

                ",http://www.005.tv/2020/80160.html,http://www.005.tv/zx/list_526_5.html,2020-03-09 22:55:23
漫画《侧耳倾听》真人电影化决定！预计2020年9月18日上映,2020-01-14 11:29,"http://www.005.tv/uploads/allimg/200114/67-2001141130359E.jpg,","
                    柊葵创作的漫画《侧耳倾听》宣布了真人电影化决定的消息。清野菜名和松坂桃李两人担任主演，平川雄一朗担任导演。
<div style='text-align: center;'>
	#image#</div>
<div>
	《侧耳倾听》的原作是1989年在集英社上发布的漫画，在1995年被吉卜力动画电影化。在这次的真人版中，将由以原作为基础的“过去”和原创的10年后的“现在”构成。24岁的雫（清野菜名饰演）成为了儿童小说编辑，放弃了成为小说家的梦想，为了卖书而奋斗。另一方面，圣司（松坂桃李饰演）则为了追逐梦想而前往海外居住。在不知不觉间，两人产生了距离……<br/>
	本作预计将于2020年9月18日上映。</div>

                ",http://www.005.tv/2020/80163.html,http://www.005.tv/zx/list_526_5.html,2020-03-09 22:55:23
动画《异兽魔都》30分钟新作OVA将于6月随BD发售,2020-01-13 17:47,"http://www.005.tv/uploads/allimg/200113/67-2001131JS0136.jpg,http://www.005.tv/uploads/allimg/200113/67-2001131KJ4249.jpg,","
                    根据林田球原作制作的TV动画《异兽魔都》宣布了将于5月20日和6月17日分别发售Blu-ray BOX的上下卷。在下卷中，还将收录约30分钟的本作的新作OVA。
<div style='text-align: center;'>
	#image#</div>
<div>
	《异兽魔都》讲述了被魔法使把头部变成蜥蜴头的主人公开曼与好友二阶堂一同狩猎魔法使并寻找恢复方法的故事。动画由MAPPA负责制作，林祐一郎担任导演，高木涉，近藤玲奈，堀内贤雄，细谷佳正，小林优等人参与配音。</div>
<div style='text-align: center;'>
	#image#</div>

                ",http://www.005.tv/2020/80159.html,http://www.005.tv/zx/list_526_5.html,2020-03-09 22:55:23
漫画《三角窗外是黑夜》真人电影化决定 20年年内上映,2020-01-13 17:44,"http://www.005.tv/uploads/allimg/200113/67-2001131J53SZ.jpg,","
                    由山下知子创作的漫画《三角窗外是黑夜》宣布了真人电影化决定的消息，本作将由冈田将生和志尊淳二人担任主演，森垣侑大担任导演，相泽友子负责剧本。
<div style='text-align: center;'>
	#image#</div>
<div>
	《三角窗外是黑夜》讲述了能看见灵的三角和除灵的冷川搭档解决不可思议的连续杀人事件的故事。原作漫画从2013年开始在MAGAZINE BE×BOY上连载，单行本目前刊行到第7卷，累计突破100万部。<br/>
	作品预计将于2020年年内上映。</div>

                ",http://www.005.tv/2020/80156.html,http://www.005.tv/zx/list_526_5.html,2020-03-09 22:55:24
根据手冢治虫作品制作的金制品展“大黄金展”15日东京开展,2020-01-13 16:49,"http://www.005.tv/uploads/allimg/200113/67-2001131G1492I.jpg,http://www.005.tv/uploads/allimg/200113/67-2001131G243D9.jpg,http://www.005.tv/uploads/allimg/200113/67-2001131G2532G.jpg,","
                    展出根据手冢治虫作品制作的金制品展“大黄金展”，将于1月15日至19日在东京新宿高岛屋举办。在这次的展会上，将要展示1000件以上的金制展品。其中还销售《怪医黑杰克》中的黑杰克和皮诺可的等身大镀金手办，黑杰克和皮诺可的24K金小尺寸手办，《森林大帝》中的雷欧和潘加的组合24K金制品。
<div style='text-align: center;'>
	#image#</div>
<div>
	<span style='text-indent: 2em;'>黑杰克的镀金等身大手办售价2200万日元，约合人民币138.5万元。皮诺可的镀金等身大手办售价550万日元，约合人民币34.6万元。黑杰克的24K金小尺寸手办售价286万日元，约合人民币18.0万元，皮诺可的24K金小尺寸手办售价44万日元，约合人民币2.77万元。雷欧和潘加的组合24K金制品售价154万日元，约合人民币6.70万元。</span></div>
<div style='text-align: center;'>
	<span style='text-indent: 2em;'>#image#<br/>
	#image#</span></div>
<br/>

                ",http://www.005.tv/2020/80155.html,http://www.005.tv/zx/list_526_5.html,2020-03-09 22:55:24
GSC《初音未来》雪初音Snow Parade Ver.粘土人开订 2月发售,2020-01-13 15:16,"http://www.005.tv/uploads/allimg/200113/67-200113151JQ31.jpg,http://www.005.tv/uploads/allimg/200113/67-200113151K9328.jpg,http://www.005.tv/uploads/allimg/200113/67-200113151Pb09.jpg,http://www.005.tv/uploads/allimg/200113/67-200113151Qa56.jpg,http://www.005.tv/uploads/allimg/200113/67-200113151S5E6.jpg,http://www.005.tv/uploads/allimg/200113/67-200113151T4509.jpg,http://www.005.tv/uploads/allimg/200113/67-200113151U4630.jpg,","
                    GSC根据为北海道应援的角色雪初音制作的Snow Parade版粘土人目前已经开订了。本届的雪初音以“乐器”为主题，表情包括了“笑颜”、“闭眼颜”和“开心颜”。帽子可以自由拆装，配有“雪音兔”、“法国号”、“指挥棒”和抱起雪音兔的手臂零件。本作预计将于2020年2月发售，售价5500日元，约合人民币346元。
<div style='text-align: center;'>
	#image#<br/>
	#image#<br/>
	#image#<br/>
	#image#<br/>
	#image#<br/>
	#image#<br/>
	#image#</div>

                ",http://www.005.tv/2020/80154.html,http://www.005.tv/zx/list_526_5.html,2020-03-09 22:55:24
先行上映版《高校舰队》结尾作画崩坏！1月18日正式上映前会修正,2020-01-13 11:42,"http://www.005.tv/uploads/allimg/200113/67-2001131143041C.jpg,http://www.005.tv/uploads/allimg/200113/67-200113114320502.jpg,","
                    在1月12日，剧场版《高校舰队》在日本东京举办了一场先行上映会活动。在活动中，除了先行上映了本次的剧场版之外，为主要角色们配音的夏川椎菜、Lynn、种崎敦美、久保由利香等声优登场亮相，分享了对本作的印象等内容。
<div style='text-align: center;'>
	#image#</div>
<div>
	根据多名参加了本次活动的网友的推特消息，先行上映的本作虽然故事整体不错，但在结尾部分的作画却无法让人满意。不过就在先行上映完成后，负责制作本作的A-1 Pictures的社长登场道歉，并承诺将会在正式上映前对未制作完的部分进行修正。</div>
<div style='text-align: center;'>
	#image#</div>
<div>
	《高校舰队》是以多数国土被海水淹没的日本为舞台，讲述以保卫海洋“蓝色人鱼”为目标而努力的少女们的故事的作品。这次的剧场版预计将于1月18日正式上映。</div>

                ",http://www.005.tv/2020/80149.html,http://www.005.tv/zx/list_526_5.html,2020-03-09 22:55:24
《Fate/Grand Order》X精工手表推出艾蕾主题手表 售价为45000日元,2020-01-13 11:23,"http://www.005.tv/uploads/allimg/200113/67-20011311251O11.jpg,http://www.005.tv/uploads/allimg/200113/67-20011311252N13.jpg,http://www.005.tv/uploads/allimg/200113/67-200113112I44J.jpg,http://www.005.tv/uploads/allimg/200113/67-200113112J21X.jpg,http://www.005.tv/uploads/allimg/200113/67-200113112K1C8.jpg,http://www.005.tv/uploads/allimg/200113/67-200113112K9D6.jpg,","
                    《Fate/Grand Order》从推出以来各种联动活动一直不断，而且和高端品牌的联动也是不少。现在《Fate/Grand Order》和精工手表（SEIKO）推出了艾蕾主题手表，采用了艾蕾的经典配色，表盘的设计非常炫酷，搭配黑色的金属表带，让人非常心动。
<div style='text-align: center;'>
	#image#<br/>
	#image#</div>
<div>
	这款艾蕾主题手表的表盘采用了专门的设计，表针采用了艾蕾的宝具的造型，金色、红色的表针非常抢眼。这款手表的售价为45000日元（含税，约为人民币2845元）。还有专用的表盒，一起购买的价格为48000（含税，约为人民币3035元）。</div>
<div style='text-align: center;'>
	#image#<br/>
	#image#<br/>
	#image#<br/>
	#image#</div>

                ",http://www.005.tv/2020/80148.html,http://www.005.tv/zx/list_526_6.html,2020-03-09 22:55:25
《紫罗兰永恒花园外传》曝特别预告 石川由依秀中文,2020-01-13 11:06,"http://www.005.tv/uploads/allimg/200113/67-200113111232559.jpg,http://www.005.tv/uploads/allimg/200113/67-200113111242Q4.jpg,http://www.005.tv/uploads/allimg/200113/67-2001131113023H.jpg,http://www.005.tv/uploads/allimg/200113/67-200113111615129.jpg,http://www.005.tv/uploads/allimg/200113/67-200113111624910.jpg,http://www.005.tv/uploads/allimg/200113/67-200113111633164.jpg,http://www.005.tv/uploads/allimg/200113/67-200113111641960.jpg,http://www.005.tv/uploads/allimg/200113/67-200113111A0231.jpg,","
                    京都动画制作的动画电影《紫罗兰永恒花园外传：永远与自动手记人偶》，在1月10日开始在国内上映，官方放出一部特别预告，邀请了薇尔莉特的声优石川由依秀了一把中文，与大家立下了不见不散的约定。<br/>
<strong>《紫罗兰永恒花园外传》特别预告：</strong>
<div style='text-align: center;'>
	<iframe frameborder='0' height='498' scrolling='no' src='http://player.youku.com/embed/XNDUwMTk5Njk5Mg==' width='550'></iframe><br/>
	#image#<br/>
	#image#</div>
<div>
	同时官方还公开了一段高清片段，身穿白色礼服的薇尔莉特和盛装的伊莎贝拉登场，她们将参加一场隆重的舞会。画面精致优美，令人神往。<br/>
	<strong>《紫罗兰永恒花园外传》高清片段：</strong></div>
<div style='text-align: center;'>
	<iframe frameborder='0' height='498' scrolling='no' src='http://player.youku.com/embed/XNDUwMjEwMjYwNA==' width='550'></iframe></div>
<div>
	 </div>
<div>
	《紫罗兰永恒花园》是京都动画的代表作之一，优美的画面，优良的制作，使得这部作品被动画迷成为“人类圣经”。剧场版《紫罗兰永恒花园外传：永远与自动手记人偶》依旧保持了超高的制作水准，故事也是一贯的爱的传递。</div>
<div style='text-align: center;'>
	<strong>#image#</strong></div>
<div>
	<strong>视频画面：</strong></div>
<div style='text-align: center;'>
	<strong>#image#<br/>
	#image#<br/>
	#image#<br/>
	#image#<br/>
	#image#</strong></div>

                ",http://www.005.tv/2020/80147.html,http://www.005.tv/zx/list_526_6.html,2020-03-09 22:55:25
POKEMON和ASOKO合作商品于1月18日日本ASOKO店铺发售,2020-01-13 11:01,"http://www.005.tv/uploads/allimg/200113/67-200113110259B7.jpg,http://www.005.tv/uploads/allimg/200113/67-200113110325118.jpg,http://www.005.tv/uploads/allimg/200113/67-20011311034V38.jpg,http://www.005.tv/uploads/allimg/200113/67-20011311041U18.jpg,","
                    POKEMON和杂货店ASOKO的合作商品将于1月18日在日本ASOKO的店铺发售
<div style='text-align: center;'>
	#image#</div>
<div>
	此次合作商品共有84件。其中包括购物袋和化妆包等的流行杂货、清洁瓶和拉链包等的厨房杂货、连遮蔽胶带和标签等文具用品也准备齐全。</div>
<div style='text-align: center;'>
	#image#</div>
<div>
	另外，在札幌、名古屋、大阪、高知4个会场，还开设了期间限定的POP店。详细情况请在官方网站确认。</div>
<div style='text-align: center;'>
	#image#</div>
<div>
	人气居家杂货店ASOKO主要售卖文具、厨房和生活等杂货。店铺有约1500件超好入手的居家杂货，除了小部分商品之外，其他商品的价格几乎都在500日元（30rmb）以下。</div>
<div style='text-align: center;'>
	#image#</div>
<br/>

                ",http://www.005.tv/2020/80146.html,http://www.005.tv/zx/list_526_6.html,2020-03-09 22:55:25
BRUTUS刀剑乱舞五周年纪念特集发售,2020-01-13 10:48,"http://www.005.tv/uploads/allimg/200113/67-20011310504Y12.jpg,http://www.005.tv/uploads/allimg/200113/67-20011310511La.jpg,","
                    2020年1月11日，亚洲最著名的生活情报类杂志BRUTUS 908号（MagazineHouse）发售『刀剣乱舞-ONLINE-』五周年纪念特集。
<div style='text-align: center;'>
	#image#</div>
<div>
	特集从封面三日月宗近介绍开始，展示了游戏设定中的《刀种一览》和《全刀剑男士刀帐》，回顾游戏五年创作历史的《刀剑乱舞年代记》。特集还收录了由漫画家田中相、云天晴子、小玉由起、伊藤悠、天野喜孝、高野一深等8名作家参加创作的《刀剣乱舞空想本丸画撰集》。此外，还有原作和制作人的访谈——“刀与主”的羁绊；以及由官方画师绘制的插图等丰富内容。<br/>
	《BRUTUS》 杂志是全日本，乃至亚洲最著名的生活情报类杂志。内容保罗万象，而杂志最强的地方在于每期只做一个超大选题，然后围绕选题有类似御宅级的研究，所以可以当资料搜集。这次是BRUTUS首次制作的单个游戏的特辑。</div>
<div style='text-align: center;'>
	#image#</div>
<div>
	BRUTUS ISSN: 0387-3404 单期定价: 580日元 网站地址: http://magazineworld.jp/brutus/brutus/ </div>

                ",http://www.005.tv/2020/80145.html,http://www.005.tv/zx/list_526_6.html,2020-03-09 22:55:26
